/*
Navicat MySQL Data Transfer

Source Server         : 本地mysql
Source Server Version : 50717
Source Host           : 127.0.0.1:3306
Source Database       : archives

Target Server Type    : MYSQL
Target Server Version : 50717
File Encoding         : 65001

Date: 2022-01-18 15:34:17
*/

SET FOREIGN_KEY_CHECKS=0;

-- ----------------------------
-- Table structure for act_evt_log
-- ----------------------------
DROP TABLE IF EXISTS `act_evt_log`;
CREATE TABLE `act_evt_log` (
  `LOG_NR_` bigint(20) NOT NULL AUTO_INCREMENT,
  `TYPE_` varchar(64) COLLATE utf8_bin DEFAULT NULL,
  `PROC_DEF_ID_` varchar(64) COLLATE utf8_bin DEFAULT NULL,
  `PROC_INST_ID_` varchar(64) COLLATE utf8_bin DEFAULT NULL,
  `EXECUTION_ID_` varchar(64) COLLATE utf8_bin DEFAULT NULL,
  `TASK_ID_` varchar(64) COLLATE utf8_bin DEFAULT NULL,
  `TIME_STAMP_` timestamp(3) NOT NULL DEFAULT CURRENT_TIMESTAMP(3) ON UPDATE CURRENT_TIMESTAMP(3),
  `USER_ID_` varchar(255) COLLATE utf8_bin DEFAULT NULL,
  `DATA_` longblob,
  `LOCK_OWNER_` varchar(255) COLLATE utf8_bin DEFAULT NULL,
  `LOCK_TIME_` timestamp(3) NULL DEFAULT NULL,
  `IS_PROCESSED_` tinyint(4) DEFAULT '0',
  PRIMARY KEY (`LOG_NR_`)
) ENGINE=InnoDB DEFAULT CHARSET=utf8 COLLATE=utf8_bin;

-- ----------------------------
-- Records of act_evt_log
-- ----------------------------

-- ----------------------------
-- Table structure for act_ge_bytearray
-- ----------------------------
DROP TABLE IF EXISTS `act_ge_bytearray`;
CREATE TABLE `act_ge_bytearray` (
  `ID_` varchar(64) COLLATE utf8_bin NOT NULL,
  `REV_` int(11) DEFAULT NULL,
  `NAME_` varchar(255) COLLATE utf8_bin DEFAULT NULL,
  `DEPLOYMENT_ID_` varchar(64) COLLATE utf8_bin DEFAULT NULL,
  `BYTES_` longblob,
  `GENERATED_` tinyint(4) DEFAULT NULL,
  PRIMARY KEY (`ID_`),
  KEY `ACT_FK_BYTEARR_DEPL` (`DEPLOYMENT_ID_`),
  CONSTRAINT `ACT_FK_BYTEARR_DEPL` FOREIGN KEY (`DEPLOYMENT_ID_`) REFERENCES `act_re_deployment` (`ID_`)
) ENGINE=InnoDB DEFAULT CHARSET=utf8 COLLATE=utf8_bin;

-- ----------------------------
-- Records of act_ge_bytearray
-- ----------------------------

-- ----------------------------
-- Table structure for act_ge_property
-- ----------------------------
DROP TABLE IF EXISTS `act_ge_property`;
CREATE TABLE `act_ge_property` (
  `NAME_` varchar(64) COLLATE utf8_bin NOT NULL,
  `VALUE_` varchar(300) COLLATE utf8_bin DEFAULT NULL,
  `REV_` int(11) DEFAULT NULL,
  PRIMARY KEY (`NAME_`)
) ENGINE=InnoDB DEFAULT CHARSET=utf8 COLLATE=utf8_bin;

-- ----------------------------
-- Records of act_ge_property
-- ----------------------------
INSERT INTO `act_ge_property` VALUES ('cfg.execution-related-entities-count', 'false', '1');
INSERT INTO `act_ge_property` VALUES ('next.dbid', '1', '1');
INSERT INTO `act_ge_property` VALUES ('schema.history', 'create(7.0.0.0)', '1');
INSERT INTO `act_ge_property` VALUES ('schema.version', '7.0.0.0', '1');

-- ----------------------------
-- Table structure for act_hi_actinst
-- ----------------------------
DROP TABLE IF EXISTS `act_hi_actinst`;
CREATE TABLE `act_hi_actinst` (
  `ID_` varchar(64) COLLATE utf8_bin NOT NULL,
  `PROC_DEF_ID_` varchar(64) COLLATE utf8_bin NOT NULL,
  `PROC_INST_ID_` varchar(64) COLLATE utf8_bin NOT NULL,
  `EXECUTION_ID_` varchar(64) COLLATE utf8_bin NOT NULL,
  `ACT_ID_` varchar(255) COLLATE utf8_bin NOT NULL,
  `TASK_ID_` varchar(64) COLLATE utf8_bin DEFAULT NULL,
  `CALL_PROC_INST_ID_` varchar(64) COLLATE utf8_bin DEFAULT NULL,
  `ACT_NAME_` varchar(255) COLLATE utf8_bin DEFAULT NULL,
  `ACT_TYPE_` varchar(255) COLLATE utf8_bin NOT NULL,
  `ASSIGNEE_` varchar(255) COLLATE utf8_bin DEFAULT NULL,
  `START_TIME_` datetime(3) NOT NULL,
  `END_TIME_` datetime(3) DEFAULT NULL,
  `DURATION_` bigint(20) DEFAULT NULL,
  `DELETE_REASON_` varchar(4000) COLLATE utf8_bin DEFAULT NULL,
  `TENANT_ID_` varchar(255) COLLATE utf8_bin DEFAULT '',
  PRIMARY KEY (`ID_`),
  KEY `ACT_IDX_HI_ACT_INST_START` (`START_TIME_`),
  KEY `ACT_IDX_HI_ACT_INST_END` (`END_TIME_`),
  KEY `ACT_IDX_HI_ACT_INST_PROCINST` (`PROC_INST_ID_`,`ACT_ID_`),
  KEY `ACT_IDX_HI_ACT_INST_EXEC` (`EXECUTION_ID_`,`ACT_ID_`)
) ENGINE=InnoDB DEFAULT CHARSET=utf8 COLLATE=utf8_bin;

-- ----------------------------
-- Records of act_hi_actinst
-- ----------------------------

-- ----------------------------
-- Table structure for act_hi_attachment
-- ----------------------------
DROP TABLE IF EXISTS `act_hi_attachment`;
CREATE TABLE `act_hi_attachment` (
  `ID_` varchar(64) COLLATE utf8_bin NOT NULL,
  `REV_` int(11) DEFAULT NULL,
  `USER_ID_` varchar(255) COLLATE utf8_bin DEFAULT NULL,
  `NAME_` varchar(255) COLLATE utf8_bin DEFAULT NULL,
  `DESCRIPTION_` varchar(4000) COLLATE utf8_bin DEFAULT NULL,
  `TYPE_` varchar(255) COLLATE utf8_bin DEFAULT NULL,
  `TASK_ID_` varchar(64) COLLATE utf8_bin DEFAULT NULL,
  `PROC_INST_ID_` varchar(64) COLLATE utf8_bin DEFAULT NULL,
  `URL_` varchar(4000) COLLATE utf8_bin DEFAULT NULL,
  `CONTENT_ID_` varchar(64) COLLATE utf8_bin DEFAULT NULL,
  `TIME_` datetime(3) DEFAULT NULL,
  PRIMARY KEY (`ID_`)
) ENGINE=InnoDB DEFAULT CHARSET=utf8 COLLATE=utf8_bin;

-- ----------------------------
-- Records of act_hi_attachment
-- ----------------------------

-- ----------------------------
-- Table structure for act_hi_comment
-- ----------------------------
DROP TABLE IF EXISTS `act_hi_comment`;
CREATE TABLE `act_hi_comment` (
  `ID_` varchar(64) COLLATE utf8_bin NOT NULL,
  `TYPE_` varchar(255) COLLATE utf8_bin DEFAULT NULL,
  `TIME_` datetime(3) NOT NULL,
  `USER_ID_` varchar(255) COLLATE utf8_bin DEFAULT NULL,
  `TASK_ID_` varchar(64) COLLATE utf8_bin DEFAULT NULL,
  `PROC_INST_ID_` varchar(64) COLLATE utf8_bin DEFAULT NULL,
  `ACTION_` varchar(255) COLLATE utf8_bin DEFAULT NULL,
  `MESSAGE_` varchar(4000) COLLATE utf8_bin DEFAULT NULL,
  `FULL_MSG_` longblob,
  PRIMARY KEY (`ID_`)
) ENGINE=InnoDB DEFAULT CHARSET=utf8 COLLATE=utf8_bin;

-- ----------------------------
-- Records of act_hi_comment
-- ----------------------------

-- ----------------------------
-- Table structure for act_hi_detail
-- ----------------------------
DROP TABLE IF EXISTS `act_hi_detail`;
CREATE TABLE `act_hi_detail` (
  `ID_` varchar(64) COLLATE utf8_bin NOT NULL,
  `TYPE_` varchar(255) COLLATE utf8_bin NOT NULL,
  `PROC_INST_ID_` varchar(64) COLLATE utf8_bin DEFAULT NULL,
  `EXECUTION_ID_` varchar(64) COLLATE utf8_bin DEFAULT NULL,
  `TASK_ID_` varchar(64) COLLATE utf8_bin DEFAULT NULL,
  `ACT_INST_ID_` varchar(64) COLLATE utf8_bin DEFAULT NULL,
  `NAME_` varchar(255) COLLATE utf8_bin NOT NULL,
  `VAR_TYPE_` varchar(255) COLLATE utf8_bin DEFAULT NULL,
  `REV_` int(11) DEFAULT NULL,
  `TIME_` datetime(3) NOT NULL,
  `BYTEARRAY_ID_` varchar(64) COLLATE utf8_bin DEFAULT NULL,
  `DOUBLE_` double DEFAULT NULL,
  `LONG_` bigint(20) DEFAULT NULL,
  `TEXT_` varchar(4000) COLLATE utf8_bin DEFAULT NULL,
  `TEXT2_` varchar(4000) COLLATE utf8_bin DEFAULT NULL,
  PRIMARY KEY (`ID_`),
  KEY `ACT_IDX_HI_DETAIL_PROC_INST` (`PROC_INST_ID_`),
  KEY `ACT_IDX_HI_DETAIL_ACT_INST` (`ACT_INST_ID_`),
  KEY `ACT_IDX_HI_DETAIL_TIME` (`TIME_`),
  KEY `ACT_IDX_HI_DETAIL_NAME` (`NAME_`),
  KEY `ACT_IDX_HI_DETAIL_TASK_ID` (`TASK_ID_`)
) ENGINE=InnoDB DEFAULT CHARSET=utf8 COLLATE=utf8_bin;

-- ----------------------------
-- Records of act_hi_detail
-- ----------------------------

-- ----------------------------
-- Table structure for act_hi_identitylink
-- ----------------------------
DROP TABLE IF EXISTS `act_hi_identitylink`;
CREATE TABLE `act_hi_identitylink` (
  `ID_` varchar(64) COLLATE utf8_bin NOT NULL,
  `GROUP_ID_` varchar(255) COLLATE utf8_bin DEFAULT NULL,
  `TYPE_` varchar(255) COLLATE utf8_bin DEFAULT NULL,
  `USER_ID_` varchar(255) COLLATE utf8_bin DEFAULT NULL,
  `TASK_ID_` varchar(64) COLLATE utf8_bin DEFAULT NULL,
  `PROC_INST_ID_` varchar(64) COLLATE utf8_bin DEFAULT NULL,
  PRIMARY KEY (`ID_`),
  KEY `ACT_IDX_HI_IDENT_LNK_USER` (`USER_ID_`),
  KEY `ACT_IDX_HI_IDENT_LNK_TASK` (`TASK_ID_`),
  KEY `ACT_IDX_HI_IDENT_LNK_PROCINST` (`PROC_INST_ID_`)
) ENGINE=InnoDB DEFAULT CHARSET=utf8 COLLATE=utf8_bin;

-- ----------------------------
-- Records of act_hi_identitylink
-- ----------------------------

-- ----------------------------
-- Table structure for act_hi_procinst
-- ----------------------------
DROP TABLE IF EXISTS `act_hi_procinst`;
CREATE TABLE `act_hi_procinst` (
  `ID_` varchar(64) COLLATE utf8_bin NOT NULL,
  `PROC_INST_ID_` varchar(64) COLLATE utf8_bin NOT NULL,
  `BUSINESS_KEY_` varchar(255) COLLATE utf8_bin DEFAULT NULL,
  `PROC_DEF_ID_` varchar(64) COLLATE utf8_bin NOT NULL,
  `START_TIME_` datetime(3) NOT NULL,
  `END_TIME_` datetime(3) DEFAULT NULL,
  `DURATION_` bigint(20) DEFAULT NULL,
  `START_USER_ID_` varchar(255) COLLATE utf8_bin DEFAULT NULL,
  `START_ACT_ID_` varchar(255) COLLATE utf8_bin DEFAULT NULL,
  `END_ACT_ID_` varchar(255) COLLATE utf8_bin DEFAULT NULL,
  `SUPER_PROCESS_INSTANCE_ID_` varchar(64) COLLATE utf8_bin DEFAULT NULL,
  `DELETE_REASON_` varchar(4000) COLLATE utf8_bin DEFAULT NULL,
  `TENANT_ID_` varchar(255) COLLATE utf8_bin DEFAULT '',
  `NAME_` varchar(255) COLLATE utf8_bin DEFAULT NULL,
  PRIMARY KEY (`ID_`),
  UNIQUE KEY `PROC_INST_ID_` (`PROC_INST_ID_`),
  KEY `ACT_IDX_HI_PRO_INST_END` (`END_TIME_`),
  KEY `ACT_IDX_HI_PRO_I_BUSKEY` (`BUSINESS_KEY_`)
) ENGINE=InnoDB DEFAULT CHARSET=utf8 COLLATE=utf8_bin;

-- ----------------------------
-- Records of act_hi_procinst
-- ----------------------------

-- ----------------------------
-- Table structure for act_hi_taskinst
-- ----------------------------
DROP TABLE IF EXISTS `act_hi_taskinst`;
CREATE TABLE `act_hi_taskinst` (
  `ID_` varchar(64) COLLATE utf8_bin NOT NULL,
  `PROC_DEF_ID_` varchar(64) COLLATE utf8_bin DEFAULT NULL,
  `TASK_DEF_KEY_` varchar(255) COLLATE utf8_bin DEFAULT NULL,
  `PROC_INST_ID_` varchar(64) COLLATE utf8_bin DEFAULT NULL,
  `EXECUTION_ID_` varchar(64) COLLATE utf8_bin DEFAULT NULL,
  `NAME_` varchar(255) COLLATE utf8_bin DEFAULT NULL,
  `PARENT_TASK_ID_` varchar(64) COLLATE utf8_bin DEFAULT NULL,
  `DESCRIPTION_` varchar(4000) COLLATE utf8_bin DEFAULT NULL,
  `OWNER_` varchar(255) COLLATE utf8_bin DEFAULT NULL,
  `ASSIGNEE_` varchar(255) COLLATE utf8_bin DEFAULT NULL,
  `START_TIME_` datetime(3) NOT NULL,
  `CLAIM_TIME_` datetime(3) DEFAULT NULL,
  `END_TIME_` datetime(3) DEFAULT NULL,
  `DURATION_` bigint(20) DEFAULT NULL,
  `DELETE_REASON_` varchar(4000) COLLATE utf8_bin DEFAULT NULL,
  `PRIORITY_` int(11) DEFAULT NULL,
  `DUE_DATE_` datetime(3) DEFAULT NULL,
  `FORM_KEY_` varchar(255) COLLATE utf8_bin DEFAULT NULL,
  `CATEGORY_` varchar(255) COLLATE utf8_bin DEFAULT NULL,
  `TENANT_ID_` varchar(255) COLLATE utf8_bin DEFAULT '',
  PRIMARY KEY (`ID_`),
  KEY `ACT_IDX_HI_TASK_INST_PROCINST` (`PROC_INST_ID_`)
) ENGINE=InnoDB DEFAULT CHARSET=utf8 COLLATE=utf8_bin;

-- ----------------------------
-- Records of act_hi_taskinst
-- ----------------------------

-- ----------------------------
-- Table structure for act_hi_varinst
-- ----------------------------
DROP TABLE IF EXISTS `act_hi_varinst`;
CREATE TABLE `act_hi_varinst` (
  `ID_` varchar(64) COLLATE utf8_bin NOT NULL,
  `PROC_INST_ID_` varchar(64) COLLATE utf8_bin DEFAULT NULL,
  `EXECUTION_ID_` varchar(64) COLLATE utf8_bin DEFAULT NULL,
  `TASK_ID_` varchar(64) COLLATE utf8_bin DEFAULT NULL,
  `NAME_` varchar(255) COLLATE utf8_bin NOT NULL,
  `VAR_TYPE_` varchar(100) COLLATE utf8_bin DEFAULT NULL,
  `REV_` int(11) DEFAULT NULL,
  `BYTEARRAY_ID_` varchar(64) COLLATE utf8_bin DEFAULT NULL,
  `DOUBLE_` double DEFAULT NULL,
  `LONG_` bigint(20) DEFAULT NULL,
  `TEXT_` varchar(4000) COLLATE utf8_bin DEFAULT NULL,
  `TEXT2_` varchar(4000) COLLATE utf8_bin DEFAULT NULL,
  `CREATE_TIME_` datetime(3) DEFAULT NULL,
  `LAST_UPDATED_TIME_` datetime(3) DEFAULT NULL,
  PRIMARY KEY (`ID_`),
  KEY `ACT_IDX_HI_PROCVAR_PROC_INST` (`PROC_INST_ID_`),
  KEY `ACT_IDX_HI_PROCVAR_NAME_TYPE` (`NAME_`,`VAR_TYPE_`),
  KEY `ACT_IDX_HI_PROCVAR_TASK_ID` (`TASK_ID_`)
) ENGINE=InnoDB DEFAULT CHARSET=utf8 COLLATE=utf8_bin;

-- ----------------------------
-- Records of act_hi_varinst
-- ----------------------------

-- ----------------------------
-- Table structure for act_procdef_info
-- ----------------------------
DROP TABLE IF EXISTS `act_procdef_info`;
CREATE TABLE `act_procdef_info` (
  `ID_` varchar(64) COLLATE utf8_bin NOT NULL,
  `PROC_DEF_ID_` varchar(64) COLLATE utf8_bin NOT NULL,
  `REV_` int(11) DEFAULT NULL,
  `INFO_JSON_ID_` varchar(64) COLLATE utf8_bin DEFAULT NULL,
  PRIMARY KEY (`ID_`),
  UNIQUE KEY `ACT_UNIQ_INFO_PROCDEF` (`PROC_DEF_ID_`),
  KEY `ACT_IDX_INFO_PROCDEF` (`PROC_DEF_ID_`),
  KEY `ACT_FK_INFO_JSON_BA` (`INFO_JSON_ID_`),
  CONSTRAINT `ACT_FK_INFO_JSON_BA` FOREIGN KEY (`INFO_JSON_ID_`) REFERENCES `act_ge_bytearray` (`ID_`),
  CONSTRAINT `ACT_FK_INFO_PROCDEF` FOREIGN KEY (`PROC_DEF_ID_`) REFERENCES `act_re_procdef` (`ID_`)
) ENGINE=InnoDB DEFAULT CHARSET=utf8 COLLATE=utf8_bin;

-- ----------------------------
-- Records of act_procdef_info
-- ----------------------------

-- ----------------------------
-- Table structure for act_re_deployment
-- ----------------------------
DROP TABLE IF EXISTS `act_re_deployment`;
CREATE TABLE `act_re_deployment` (
  `ID_` varchar(64) COLLATE utf8_bin NOT NULL,
  `NAME_` varchar(255) COLLATE utf8_bin DEFAULT NULL,
  `CATEGORY_` varchar(255) COLLATE utf8_bin DEFAULT NULL,
  `KEY_` varchar(255) COLLATE utf8_bin DEFAULT NULL,
  `TENANT_ID_` varchar(255) COLLATE utf8_bin DEFAULT '',
  `DEPLOY_TIME_` timestamp(3) NULL DEFAULT NULL,
  `ENGINE_VERSION_` varchar(255) COLLATE utf8_bin DEFAULT NULL,
  `PROJECT_RELEASE_VERSION_` varchar(255) COLLATE utf8_bin DEFAULT NULL,
  `VERSION_` varchar(255) COLLATE utf8_bin DEFAULT NULL,
  PRIMARY KEY (`ID_`)
) ENGINE=InnoDB DEFAULT CHARSET=utf8 COLLATE=utf8_bin;

-- ----------------------------
-- Records of act_re_deployment
-- ----------------------------

-- ----------------------------
-- Table structure for act_re_model
-- ----------------------------
DROP TABLE IF EXISTS `act_re_model`;
CREATE TABLE `act_re_model` (
  `ID_` varchar(64) COLLATE utf8_bin NOT NULL,
  `REV_` int(11) DEFAULT NULL,
  `NAME_` varchar(255) COLLATE utf8_bin DEFAULT NULL,
  `KEY_` varchar(255) COLLATE utf8_bin DEFAULT NULL,
  `CATEGORY_` varchar(255) COLLATE utf8_bin DEFAULT NULL,
  `CREATE_TIME_` timestamp(3) NULL DEFAULT NULL,
  `LAST_UPDATE_TIME_` timestamp(3) NULL DEFAULT NULL,
  `VERSION_` int(11) DEFAULT NULL,
  `META_INFO_` varchar(4000) COLLATE utf8_bin DEFAULT NULL,
  `DEPLOYMENT_ID_` varchar(64) COLLATE utf8_bin DEFAULT NULL,
  `EDITOR_SOURCE_VALUE_ID_` varchar(64) COLLATE utf8_bin DEFAULT NULL,
  `EDITOR_SOURCE_EXTRA_VALUE_ID_` varchar(64) COLLATE utf8_bin DEFAULT NULL,
  `TENANT_ID_` varchar(255) COLLATE utf8_bin DEFAULT '',
  PRIMARY KEY (`ID_`),
  KEY `ACT_FK_MODEL_SOURCE` (`EDITOR_SOURCE_VALUE_ID_`),
  KEY `ACT_FK_MODEL_SOURCE_EXTRA` (`EDITOR_SOURCE_EXTRA_VALUE_ID_`),
  KEY `ACT_FK_MODEL_DEPLOYMENT` (`DEPLOYMENT_ID_`),
  CONSTRAINT `ACT_FK_MODEL_DEPLOYMENT` FOREIGN KEY (`DEPLOYMENT_ID_`) REFERENCES `act_re_deployment` (`ID_`),
  CONSTRAINT `ACT_FK_MODEL_SOURCE` FOREIGN KEY (`EDITOR_SOURCE_VALUE_ID_`) REFERENCES `act_ge_bytearray` (`ID_`),
  CONSTRAINT `ACT_FK_MODEL_SOURCE_EXTRA` FOREIGN KEY (`EDITOR_SOURCE_EXTRA_VALUE_ID_`) REFERENCES `act_ge_bytearray` (`ID_`)
) ENGINE=InnoDB DEFAULT CHARSET=utf8 COLLATE=utf8_bin;

-- ----------------------------
-- Records of act_re_model
-- ----------------------------

-- ----------------------------
-- Table structure for act_re_procdef
-- ----------------------------
DROP TABLE IF EXISTS `act_re_procdef`;
CREATE TABLE `act_re_procdef` (
  `ID_` varchar(64) COLLATE utf8_bin NOT NULL,
  `REV_` int(11) DEFAULT NULL,
  `CATEGORY_` varchar(255) COLLATE utf8_bin DEFAULT NULL,
  `NAME_` varchar(255) COLLATE utf8_bin DEFAULT NULL,
  `KEY_` varchar(255) COLLATE utf8_bin NOT NULL,
  `VERSION_` int(11) NOT NULL,
  `DEPLOYMENT_ID_` varchar(64) COLLATE utf8_bin DEFAULT NULL,
  `RESOURCE_NAME_` varchar(4000) COLLATE utf8_bin DEFAULT NULL,
  `DGRM_RESOURCE_NAME_` varchar(4000) COLLATE utf8_bin DEFAULT NULL,
  `DESCRIPTION_` varchar(4000) COLLATE utf8_bin DEFAULT NULL,
  `HAS_START_FORM_KEY_` tinyint(4) DEFAULT NULL,
  `HAS_GRAPHICAL_NOTATION_` tinyint(4) DEFAULT NULL,
  `SUSPENSION_STATE_` int(11) DEFAULT NULL,
  `TENANT_ID_` varchar(255) COLLATE utf8_bin DEFAULT '',
  `ENGINE_VERSION_` varchar(255) COLLATE utf8_bin DEFAULT NULL,
  PRIMARY KEY (`ID_`),
  UNIQUE KEY `ACT_UNIQ_PROCDEF` (`KEY_`,`VERSION_`,`TENANT_ID_`)
) ENGINE=InnoDB DEFAULT CHARSET=utf8 COLLATE=utf8_bin;

-- ----------------------------
-- Records of act_re_procdef
-- ----------------------------

-- ----------------------------
-- Table structure for act_ru_deadletter_job
-- ----------------------------
DROP TABLE IF EXISTS `act_ru_deadletter_job`;
CREATE TABLE `act_ru_deadletter_job` (
  `ID_` varchar(64) COLLATE utf8_bin NOT NULL,
  `REV_` int(11) DEFAULT NULL,
  `TYPE_` varchar(255) COLLATE utf8_bin NOT NULL,
  `EXCLUSIVE_` tinyint(1) DEFAULT NULL,
  `EXECUTION_ID_` varchar(64) COLLATE utf8_bin DEFAULT NULL,
  `PROCESS_INSTANCE_ID_` varchar(64) COLLATE utf8_bin DEFAULT NULL,
  `PROC_DEF_ID_` varchar(64) COLLATE utf8_bin DEFAULT NULL,
  `EXCEPTION_STACK_ID_` varchar(64) COLLATE utf8_bin DEFAULT NULL,
  `EXCEPTION_MSG_` varchar(4000) COLLATE utf8_bin DEFAULT NULL,
  `DUEDATE_` timestamp(3) NULL DEFAULT NULL,
  `REPEAT_` varchar(255) COLLATE utf8_bin DEFAULT NULL,
  `HANDLER_TYPE_` varchar(255) COLLATE utf8_bin DEFAULT NULL,
  `HANDLER_CFG_` varchar(4000) COLLATE utf8_bin DEFAULT NULL,
  `TENANT_ID_` varchar(255) COLLATE utf8_bin DEFAULT '',
  PRIMARY KEY (`ID_`),
  KEY `ACT_FK_DEADLETTER_JOB_EXECUTION` (`EXECUTION_ID_`),
  KEY `ACT_FK_DEADLETTER_JOB_PROCESS_INSTANCE` (`PROCESS_INSTANCE_ID_`),
  KEY `ACT_FK_DEADLETTER_JOB_PROC_DEF` (`PROC_DEF_ID_`),
  KEY `ACT_FK_DEADLETTER_JOB_EXCEPTION` (`EXCEPTION_STACK_ID_`),
  CONSTRAINT `ACT_FK_DEADLETTER_JOB_EXCEPTION` FOREIGN KEY (`EXCEPTION_STACK_ID_`) REFERENCES `act_ge_bytearray` (`ID_`),
  CONSTRAINT `ACT_FK_DEADLETTER_JOB_EXECUTION` FOREIGN KEY (`EXECUTION_ID_`) REFERENCES `act_ru_execution` (`ID_`),
  CONSTRAINT `ACT_FK_DEADLETTER_JOB_PROCESS_INSTANCE` FOREIGN KEY (`PROCESS_INSTANCE_ID_`) REFERENCES `act_ru_execution` (`ID_`),
  CONSTRAINT `ACT_FK_DEADLETTER_JOB_PROC_DEF` FOREIGN KEY (`PROC_DEF_ID_`) REFERENCES `act_re_procdef` (`ID_`)
) ENGINE=InnoDB DEFAULT CHARSET=utf8 COLLATE=utf8_bin;

-- ----------------------------
-- Records of act_ru_deadletter_job
-- ----------------------------

-- ----------------------------
-- Table structure for act_ru_event_subscr
-- ----------------------------
DROP TABLE IF EXISTS `act_ru_event_subscr`;
CREATE TABLE `act_ru_event_subscr` (
  `ID_` varchar(64) COLLATE utf8_bin NOT NULL,
  `REV_` int(11) DEFAULT NULL,
  `EVENT_TYPE_` varchar(255) COLLATE utf8_bin NOT NULL,
  `EVENT_NAME_` varchar(255) COLLATE utf8_bin DEFAULT NULL,
  `EXECUTION_ID_` varchar(64) COLLATE utf8_bin DEFAULT NULL,
  `PROC_INST_ID_` varchar(64) COLLATE utf8_bin DEFAULT NULL,
  `ACTIVITY_ID_` varchar(64) COLLATE utf8_bin DEFAULT NULL,
  `CONFIGURATION_` varchar(255) COLLATE utf8_bin DEFAULT NULL,
  `CREATED_` timestamp(3) NOT NULL DEFAULT CURRENT_TIMESTAMP(3),
  `PROC_DEF_ID_` varchar(64) COLLATE utf8_bin DEFAULT NULL,
  `TENANT_ID_` varchar(255) COLLATE utf8_bin DEFAULT '',
  PRIMARY KEY (`ID_`),
  KEY `ACT_IDX_EVENT_SUBSCR_CONFIG_` (`CONFIGURATION_`),
  KEY `ACT_FK_EVENT_EXEC` (`EXECUTION_ID_`),
  CONSTRAINT `ACT_FK_EVENT_EXEC` FOREIGN KEY (`EXECUTION_ID_`) REFERENCES `act_ru_execution` (`ID_`)
) ENGINE=InnoDB DEFAULT CHARSET=utf8 COLLATE=utf8_bin;

-- ----------------------------
-- Records of act_ru_event_subscr
-- ----------------------------

-- ----------------------------
-- Table structure for act_ru_execution
-- ----------------------------
DROP TABLE IF EXISTS `act_ru_execution`;
CREATE TABLE `act_ru_execution` (
  `ID_` varchar(64) COLLATE utf8_bin NOT NULL,
  `REV_` int(11) DEFAULT NULL,
  `PROC_INST_ID_` varchar(64) COLLATE utf8_bin DEFAULT NULL,
  `BUSINESS_KEY_` varchar(255) COLLATE utf8_bin DEFAULT NULL,
  `PARENT_ID_` varchar(64) COLLATE utf8_bin DEFAULT NULL,
  `PROC_DEF_ID_` varchar(64) COLLATE utf8_bin DEFAULT NULL,
  `SUPER_EXEC_` varchar(64) COLLATE utf8_bin DEFAULT NULL,
  `ROOT_PROC_INST_ID_` varchar(64) COLLATE utf8_bin DEFAULT NULL,
  `ACT_ID_` varchar(255) COLLATE utf8_bin DEFAULT NULL,
  `IS_ACTIVE_` tinyint(4) DEFAULT NULL,
  `IS_CONCURRENT_` tinyint(4) DEFAULT NULL,
  `IS_SCOPE_` tinyint(4) DEFAULT NULL,
  `IS_EVENT_SCOPE_` tinyint(4) DEFAULT NULL,
  `IS_MI_ROOT_` tinyint(4) DEFAULT NULL,
  `SUSPENSION_STATE_` int(11) DEFAULT NULL,
  `CACHED_ENT_STATE_` int(11) DEFAULT NULL,
  `TENANT_ID_` varchar(255) COLLATE utf8_bin DEFAULT '',
  `NAME_` varchar(255) COLLATE utf8_bin DEFAULT NULL,
  `START_TIME_` datetime(3) DEFAULT NULL,
  `START_USER_ID_` varchar(255) COLLATE utf8_bin DEFAULT NULL,
  `LOCK_TIME_` timestamp(3) NULL DEFAULT NULL,
  `IS_COUNT_ENABLED_` tinyint(4) DEFAULT NULL,
  `EVT_SUBSCR_COUNT_` int(11) DEFAULT NULL,
  `TASK_COUNT_` int(11) DEFAULT NULL,
  `JOB_COUNT_` int(11) DEFAULT NULL,
  `TIMER_JOB_COUNT_` int(11) DEFAULT NULL,
  `SUSP_JOB_COUNT_` int(11) DEFAULT NULL,
  `DEADLETTER_JOB_COUNT_` int(11) DEFAULT NULL,
  `VAR_COUNT_` int(11) DEFAULT NULL,
  `ID_LINK_COUNT_` int(11) DEFAULT NULL,
  PRIMARY KEY (`ID_`),
  KEY `ACT_IDX_EXEC_BUSKEY` (`BUSINESS_KEY_`),
  KEY `ACT_IDC_EXEC_ROOT` (`ROOT_PROC_INST_ID_`),
  KEY `ACT_FK_EXE_PROCINST` (`PROC_INST_ID_`),
  KEY `ACT_FK_EXE_PARENT` (`PARENT_ID_`),
  KEY `ACT_FK_EXE_SUPER` (`SUPER_EXEC_`),
  KEY `ACT_FK_EXE_PROCDEF` (`PROC_DEF_ID_`),
  CONSTRAINT `ACT_FK_EXE_PARENT` FOREIGN KEY (`PARENT_ID_`) REFERENCES `act_ru_execution` (`ID_`) ON DELETE CASCADE,
  CONSTRAINT `ACT_FK_EXE_PROCDEF` FOREIGN KEY (`PROC_DEF_ID_`) REFERENCES `act_re_procdef` (`ID_`),
  CONSTRAINT `ACT_FK_EXE_PROCINST` FOREIGN KEY (`PROC_INST_ID_`) REFERENCES `act_ru_execution` (`ID_`) ON DELETE CASCADE ON UPDATE CASCADE,
  CONSTRAINT `ACT_FK_EXE_SUPER` FOREIGN KEY (`SUPER_EXEC_`) REFERENCES `act_ru_execution` (`ID_`) ON DELETE CASCADE
) ENGINE=InnoDB DEFAULT CHARSET=utf8 COLLATE=utf8_bin;

-- ----------------------------
-- Records of act_ru_execution
-- ----------------------------

-- ----------------------------
-- Table structure for act_ru_identitylink
-- ----------------------------
DROP TABLE IF EXISTS `act_ru_identitylink`;
CREATE TABLE `act_ru_identitylink` (
  `ID_` varchar(64) COLLATE utf8_bin NOT NULL,
  `REV_` int(11) DEFAULT NULL,
  `GROUP_ID_` varchar(255) COLLATE utf8_bin DEFAULT NULL,
  `TYPE_` varchar(255) COLLATE utf8_bin DEFAULT NULL,
  `USER_ID_` varchar(255) COLLATE utf8_bin DEFAULT NULL,
  `TASK_ID_` varchar(64) COLLATE utf8_bin DEFAULT NULL,
  `PROC_INST_ID_` varchar(64) COLLATE utf8_bin DEFAULT NULL,
  `PROC_DEF_ID_` varchar(64) COLLATE utf8_bin DEFAULT NULL,
  PRIMARY KEY (`ID_`),
  KEY `ACT_IDX_IDENT_LNK_USER` (`USER_ID_`),
  KEY `ACT_IDX_IDENT_LNK_GROUP` (`GROUP_ID_`),
  KEY `ACT_IDX_ATHRZ_PROCEDEF` (`PROC_DEF_ID_`),
  KEY `ACT_FK_TSKASS_TASK` (`TASK_ID_`),
  KEY `ACT_FK_IDL_PROCINST` (`PROC_INST_ID_`),
  CONSTRAINT `ACT_FK_ATHRZ_PROCEDEF` FOREIGN KEY (`PROC_DEF_ID_`) REFERENCES `act_re_procdef` (`ID_`),
  CONSTRAINT `ACT_FK_IDL_PROCINST` FOREIGN KEY (`PROC_INST_ID_`) REFERENCES `act_ru_execution` (`ID_`),
  CONSTRAINT `ACT_FK_TSKASS_TASK` FOREIGN KEY (`TASK_ID_`) REFERENCES `act_ru_task` (`ID_`)
) ENGINE=InnoDB DEFAULT CHARSET=utf8 COLLATE=utf8_bin;

-- ----------------------------
-- Records of act_ru_identitylink
-- ----------------------------

-- ----------------------------
-- Table structure for act_ru_integration
-- ----------------------------
DROP TABLE IF EXISTS `act_ru_integration`;
CREATE TABLE `act_ru_integration` (
  `ID_` varchar(64) COLLATE utf8_bin NOT NULL,
  `EXECUTION_ID_` varchar(64) COLLATE utf8_bin DEFAULT NULL,
  `PROCESS_INSTANCE_ID_` varchar(64) COLLATE utf8_bin DEFAULT NULL,
  `PROC_DEF_ID_` varchar(64) COLLATE utf8_bin DEFAULT NULL,
  `FLOW_NODE_ID_` varchar(64) COLLATE utf8_bin DEFAULT NULL,
  `CREATED_DATE_` timestamp(3) NOT NULL DEFAULT CURRENT_TIMESTAMP(3) ON UPDATE CURRENT_TIMESTAMP(3),
  PRIMARY KEY (`ID_`),
  KEY `ACT_FK_INT_EXECUTION` (`EXECUTION_ID_`),
  KEY `ACT_FK_INT_PROC_INST` (`PROCESS_INSTANCE_ID_`),
  KEY `ACT_FK_INT_PROC_DEF` (`PROC_DEF_ID_`),
  CONSTRAINT `ACT_FK_INT_EXECUTION` FOREIGN KEY (`EXECUTION_ID_`) REFERENCES `act_ru_execution` (`ID_`) ON DELETE CASCADE,
  CONSTRAINT `ACT_FK_INT_PROC_DEF` FOREIGN KEY (`PROC_DEF_ID_`) REFERENCES `act_re_procdef` (`ID_`),
  CONSTRAINT `ACT_FK_INT_PROC_INST` FOREIGN KEY (`PROCESS_INSTANCE_ID_`) REFERENCES `act_ru_execution` (`ID_`)
) ENGINE=InnoDB DEFAULT CHARSET=utf8 COLLATE=utf8_bin;

-- ----------------------------
-- Records of act_ru_integration
-- ----------------------------

-- ----------------------------
-- Table structure for act_ru_job
-- ----------------------------
DROP TABLE IF EXISTS `act_ru_job`;
CREATE TABLE `act_ru_job` (
  `ID_` varchar(64) COLLATE utf8_bin NOT NULL,
  `REV_` int(11) DEFAULT NULL,
  `TYPE_` varchar(255) COLLATE utf8_bin NOT NULL,
  `LOCK_EXP_TIME_` timestamp(3) NULL DEFAULT NULL,
  `LOCK_OWNER_` varchar(255) COLLATE utf8_bin DEFAULT NULL,
  `EXCLUSIVE_` tinyint(1) DEFAULT NULL,
  `EXECUTION_ID_` varchar(64) COLLATE utf8_bin DEFAULT NULL,
  `PROCESS_INSTANCE_ID_` varchar(64) COLLATE utf8_bin DEFAULT NULL,
  `PROC_DEF_ID_` varchar(64) COLLATE utf8_bin DEFAULT NULL,
  `RETRIES_` int(11) DEFAULT NULL,
  `EXCEPTION_STACK_ID_` varchar(64) COLLATE utf8_bin DEFAULT NULL,
  `EXCEPTION_MSG_` varchar(4000) COLLATE utf8_bin DEFAULT NULL,
  `DUEDATE_` timestamp(3) NULL DEFAULT NULL,
  `REPEAT_` varchar(255) COLLATE utf8_bin DEFAULT NULL,
  `HANDLER_TYPE_` varchar(255) COLLATE utf8_bin DEFAULT NULL,
  `HANDLER_CFG_` varchar(4000) COLLATE utf8_bin DEFAULT NULL,
  `TENANT_ID_` varchar(255) COLLATE utf8_bin DEFAULT '',
  PRIMARY KEY (`ID_`),
  KEY `ACT_FK_JOB_EXECUTION` (`EXECUTION_ID_`),
  KEY `ACT_FK_JOB_PROCESS_INSTANCE` (`PROCESS_INSTANCE_ID_`),
  KEY `ACT_FK_JOB_PROC_DEF` (`PROC_DEF_ID_`),
  KEY `ACT_FK_JOB_EXCEPTION` (`EXCEPTION_STACK_ID_`),
  CONSTRAINT `ACT_FK_JOB_EXCEPTION` FOREIGN KEY (`EXCEPTION_STACK_ID_`) REFERENCES `act_ge_bytearray` (`ID_`),
  CONSTRAINT `ACT_FK_JOB_EXECUTION` FOREIGN KEY (`EXECUTION_ID_`) REFERENCES `act_ru_execution` (`ID_`),
  CONSTRAINT `ACT_FK_JOB_PROCESS_INSTANCE` FOREIGN KEY (`PROCESS_INSTANCE_ID_`) REFERENCES `act_ru_execution` (`ID_`),
  CONSTRAINT `ACT_FK_JOB_PROC_DEF` FOREIGN KEY (`PROC_DEF_ID_`) REFERENCES `act_re_procdef` (`ID_`)
) ENGINE=InnoDB DEFAULT CHARSET=utf8 COLLATE=utf8_bin;

-- ----------------------------
-- Records of act_ru_job
-- ----------------------------

-- ----------------------------
-- Table structure for act_ru_suspended_job
-- ----------------------------
DROP TABLE IF EXISTS `act_ru_suspended_job`;
CREATE TABLE `act_ru_suspended_job` (
  `ID_` varchar(64) COLLATE utf8_bin NOT NULL,
  `REV_` int(11) DEFAULT NULL,
  `TYPE_` varchar(255) COLLATE utf8_bin NOT NULL,
  `EXCLUSIVE_` tinyint(1) DEFAULT NULL,
  `EXECUTION_ID_` varchar(64) COLLATE utf8_bin DEFAULT NULL,
  `PROCESS_INSTANCE_ID_` varchar(64) COLLATE utf8_bin DEFAULT NULL,
  `PROC_DEF_ID_` varchar(64) COLLATE utf8_bin DEFAULT NULL,
  `RETRIES_` int(11) DEFAULT NULL,
  `EXCEPTION_STACK_ID_` varchar(64) COLLATE utf8_bin DEFAULT NULL,
  `EXCEPTION_MSG_` varchar(4000) COLLATE utf8_bin DEFAULT NULL,
  `DUEDATE_` timestamp(3) NULL DEFAULT NULL,
  `REPEAT_` varchar(255) COLLATE utf8_bin DEFAULT NULL,
  `HANDLER_TYPE_` varchar(255) COLLATE utf8_bin DEFAULT NULL,
  `HANDLER_CFG_` varchar(4000) COLLATE utf8_bin DEFAULT NULL,
  `TENANT_ID_` varchar(255) COLLATE utf8_bin DEFAULT '',
  PRIMARY KEY (`ID_`),
  KEY `ACT_FK_SUSPENDED_JOB_EXECUTION` (`EXECUTION_ID_`),
  KEY `ACT_FK_SUSPENDED_JOB_PROCESS_INSTANCE` (`PROCESS_INSTANCE_ID_`),
  KEY `ACT_FK_SUSPENDED_JOB_PROC_DEF` (`PROC_DEF_ID_`),
  KEY `ACT_FK_SUSPENDED_JOB_EXCEPTION` (`EXCEPTION_STACK_ID_`),
  CONSTRAINT `ACT_FK_SUSPENDED_JOB_EXCEPTION` FOREIGN KEY (`EXCEPTION_STACK_ID_`) REFERENCES `act_ge_bytearray` (`ID_`),
  CONSTRAINT `ACT_FK_SUSPENDED_JOB_EXECUTION` FOREIGN KEY (`EXECUTION_ID_`) REFERENCES `act_ru_execution` (`ID_`),
  CONSTRAINT `ACT_FK_SUSPENDED_JOB_PROCESS_INSTANCE` FOREIGN KEY (`PROCESS_INSTANCE_ID_`) REFERENCES `act_ru_execution` (`ID_`),
  CONSTRAINT `ACT_FK_SUSPENDED_JOB_PROC_DEF` FOREIGN KEY (`PROC_DEF_ID_`) REFERENCES `act_re_procdef` (`ID_`)
) ENGINE=InnoDB DEFAULT CHARSET=utf8 COLLATE=utf8_bin;

-- ----------------------------
-- Records of act_ru_suspended_job
-- ----------------------------

-- ----------------------------
-- Table structure for act_ru_task
-- ----------------------------
DROP TABLE IF EXISTS `act_ru_task`;
CREATE TABLE `act_ru_task` (
  `ID_` varchar(64) COLLATE utf8_bin NOT NULL,
  `REV_` int(11) DEFAULT NULL,
  `EXECUTION_ID_` varchar(64) COLLATE utf8_bin DEFAULT NULL,
  `PROC_INST_ID_` varchar(64) COLLATE utf8_bin DEFAULT NULL,
  `PROC_DEF_ID_` varchar(64) COLLATE utf8_bin DEFAULT NULL,
  `NAME_` varchar(255) COLLATE utf8_bin DEFAULT NULL,
  `PARENT_TASK_ID_` varchar(64) COLLATE utf8_bin DEFAULT NULL,
  `DESCRIPTION_` varchar(4000) COLLATE utf8_bin DEFAULT NULL,
  `TASK_DEF_KEY_` varchar(255) COLLATE utf8_bin DEFAULT NULL,
  `OWNER_` varchar(255) COLLATE utf8_bin DEFAULT NULL,
  `ASSIGNEE_` varchar(255) COLLATE utf8_bin DEFAULT NULL,
  `DELEGATION_` varchar(64) COLLATE utf8_bin DEFAULT NULL,
  `PRIORITY_` int(11) DEFAULT NULL,
  `CREATE_TIME_` timestamp(3) NULL DEFAULT NULL,
  `DUE_DATE_` datetime(3) DEFAULT NULL,
  `CATEGORY_` varchar(255) COLLATE utf8_bin DEFAULT NULL,
  `SUSPENSION_STATE_` int(11) DEFAULT NULL,
  `TENANT_ID_` varchar(255) COLLATE utf8_bin DEFAULT '',
  `FORM_KEY_` varchar(255) COLLATE utf8_bin DEFAULT NULL,
  `CLAIM_TIME_` datetime(3) DEFAULT NULL,
  PRIMARY KEY (`ID_`),
  KEY `ACT_IDX_TASK_CREATE` (`CREATE_TIME_`),
  KEY `ACT_FK_TASK_EXE` (`EXECUTION_ID_`),
  KEY `ACT_FK_TASK_PROCINST` (`PROC_INST_ID_`),
  KEY `ACT_FK_TASK_PROCDEF` (`PROC_DEF_ID_`),
  CONSTRAINT `ACT_FK_TASK_EXE` FOREIGN KEY (`EXECUTION_ID_`) REFERENCES `act_ru_execution` (`ID_`),
  CONSTRAINT `ACT_FK_TASK_PROCDEF` FOREIGN KEY (`PROC_DEF_ID_`) REFERENCES `act_re_procdef` (`ID_`),
  CONSTRAINT `ACT_FK_TASK_PROCINST` FOREIGN KEY (`PROC_INST_ID_`) REFERENCES `act_ru_execution` (`ID_`)
) ENGINE=InnoDB DEFAULT CHARSET=utf8 COLLATE=utf8_bin;

-- ----------------------------
-- Records of act_ru_task
-- ----------------------------

-- ----------------------------
-- Table structure for act_ru_timer_job
-- ----------------------------
DROP TABLE IF EXISTS `act_ru_timer_job`;
CREATE TABLE `act_ru_timer_job` (
  `ID_` varchar(64) COLLATE utf8_bin NOT NULL,
  `REV_` int(11) DEFAULT NULL,
  `TYPE_` varchar(255) COLLATE utf8_bin NOT NULL,
  `LOCK_EXP_TIME_` timestamp(3) NULL DEFAULT NULL,
  `LOCK_OWNER_` varchar(255) COLLATE utf8_bin DEFAULT NULL,
  `EXCLUSIVE_` tinyint(1) DEFAULT NULL,
  `EXECUTION_ID_` varchar(64) COLLATE utf8_bin DEFAULT NULL,
  `PROCESS_INSTANCE_ID_` varchar(64) COLLATE utf8_bin DEFAULT NULL,
  `PROC_DEF_ID_` varchar(64) COLLATE utf8_bin DEFAULT NULL,
  `RETRIES_` int(11) DEFAULT NULL,
  `EXCEPTION_STACK_ID_` varchar(64) COLLATE utf8_bin DEFAULT NULL,
  `EXCEPTION_MSG_` varchar(4000) COLLATE utf8_bin DEFAULT NULL,
  `DUEDATE_` timestamp(3) NULL DEFAULT NULL,
  `REPEAT_` varchar(255) COLLATE utf8_bin DEFAULT NULL,
  `HANDLER_TYPE_` varchar(255) COLLATE utf8_bin DEFAULT NULL,
  `HANDLER_CFG_` varchar(4000) COLLATE utf8_bin DEFAULT NULL,
  `TENANT_ID_` varchar(255) COLLATE utf8_bin DEFAULT '',
  PRIMARY KEY (`ID_`),
  KEY `ACT_FK_TIMER_JOB_EXECUTION` (`EXECUTION_ID_`),
  KEY `ACT_FK_TIMER_JOB_PROCESS_INSTANCE` (`PROCESS_INSTANCE_ID_`),
  KEY `ACT_FK_TIMER_JOB_PROC_DEF` (`PROC_DEF_ID_`),
  KEY `ACT_FK_TIMER_JOB_EXCEPTION` (`EXCEPTION_STACK_ID_`),
  CONSTRAINT `ACT_FK_TIMER_JOB_EXCEPTION` FOREIGN KEY (`EXCEPTION_STACK_ID_`) REFERENCES `act_ge_bytearray` (`ID_`),
  CONSTRAINT `ACT_FK_TIMER_JOB_EXECUTION` FOREIGN KEY (`EXECUTION_ID_`) REFERENCES `act_ru_execution` (`ID_`),
  CONSTRAINT `ACT_FK_TIMER_JOB_PROCESS_INSTANCE` FOREIGN KEY (`PROCESS_INSTANCE_ID_`) REFERENCES `act_ru_execution` (`ID_`),
  CONSTRAINT `ACT_FK_TIMER_JOB_PROC_DEF` FOREIGN KEY (`PROC_DEF_ID_`) REFERENCES `act_re_procdef` (`ID_`)
) ENGINE=InnoDB DEFAULT CHARSET=utf8 COLLATE=utf8_bin;

-- ----------------------------
-- Records of act_ru_timer_job
-- ----------------------------

-- ----------------------------
-- Table structure for act_ru_variable
-- ----------------------------
DROP TABLE IF EXISTS `act_ru_variable`;
CREATE TABLE `act_ru_variable` (
  `ID_` varchar(64) COLLATE utf8_bin NOT NULL,
  `REV_` int(11) DEFAULT NULL,
  `TYPE_` varchar(255) COLLATE utf8_bin NOT NULL,
  `NAME_` varchar(255) COLLATE utf8_bin NOT NULL,
  `EXECUTION_ID_` varchar(64) COLLATE utf8_bin DEFAULT NULL,
  `PROC_INST_ID_` varchar(64) COLLATE utf8_bin DEFAULT NULL,
  `TASK_ID_` varchar(64) COLLATE utf8_bin DEFAULT NULL,
  `BYTEARRAY_ID_` varchar(64) COLLATE utf8_bin DEFAULT NULL,
  `DOUBLE_` double DEFAULT NULL,
  `LONG_` bigint(20) DEFAULT NULL,
  `TEXT_` varchar(4000) COLLATE utf8_bin DEFAULT NULL,
  `TEXT2_` varchar(4000) COLLATE utf8_bin DEFAULT NULL,
  PRIMARY KEY (`ID_`),
  KEY `ACT_IDX_VARIABLE_TASK_ID` (`TASK_ID_`),
  KEY `ACT_FK_VAR_EXE` (`EXECUTION_ID_`),
  KEY `ACT_FK_VAR_PROCINST` (`PROC_INST_ID_`),
  KEY `ACT_FK_VAR_BYTEARRAY` (`BYTEARRAY_ID_`),
  CONSTRAINT `ACT_FK_VAR_BYTEARRAY` FOREIGN KEY (`BYTEARRAY_ID_`) REFERENCES `act_ge_bytearray` (`ID_`),
  CONSTRAINT `ACT_FK_VAR_EXE` FOREIGN KEY (`EXECUTION_ID_`) REFERENCES `act_ru_execution` (`ID_`),
  CONSTRAINT `ACT_FK_VAR_PROCINST` FOREIGN KEY (`PROC_INST_ID_`) REFERENCES `act_ru_execution` (`ID_`)
) ENGINE=InnoDB DEFAULT CHARSET=utf8 COLLATE=utf8_bin;

-- ----------------------------
-- Records of act_ru_variable
-- ----------------------------

-- ----------------------------
-- Table structure for act_workflow_formdata
-- ----------------------------
DROP TABLE IF EXISTS `act_workflow_formdata`;
CREATE TABLE `act_workflow_formdata` (
  `id` int(11) NOT NULL AUTO_INCREMENT COMMENT '唯一标识符',
  `business_key` varchar(64) DEFAULT NULL COMMENT '事务key',
  `form_key` varchar(255) DEFAULT NULL COMMENT '表单Key',
  `control_id` varchar(64) DEFAULT NULL COMMENT '表单id',
  `control_name` varchar(64) DEFAULT NULL COMMENT '表单名',
  `control_value` varchar(2000) DEFAULT NULL COMMENT '表单值',
  `task_node_name` varchar(64) DEFAULT NULL COMMENT '任务节点名称',
  `create_name` varchar(64) DEFAULT NULL COMMENT '创建者姓名',
  `create_by` varchar(32) DEFAULT NULL COMMENT '创建者',
  `create_time` datetime DEFAULT NULL COMMENT '创建时间',
  PRIMARY KEY (`id`) USING BTREE
) ENGINE=InnoDB AUTO_INCREMENT=25 DEFAULT CHARSET=utf8 ROW_FORMAT=DYNAMIC COMMENT='动态表单';

-- ----------------------------
-- Records of act_workflow_formdata
-- ----------------------------

-- ----------------------------
-- Table structure for gen_table
-- ----------------------------
DROP TABLE IF EXISTS `gen_table`;
CREATE TABLE `gen_table` (
  `table_id` bigint(20) NOT NULL AUTO_INCREMENT COMMENT '编号',
  `table_name` varchar(200) DEFAULT '' COMMENT '表名称',
  `table_comment` varchar(500) DEFAULT '' COMMENT '表描述',
  `class_name` varchar(100) DEFAULT '' COMMENT '实体类名称',
  `tpl_category` varchar(200) DEFAULT 'crud' COMMENT '使用的模板（crud单表操作 tree树表操作）',
  `package_name` varchar(100) DEFAULT NULL COMMENT '生成包路径',
  `module_name` varchar(30) DEFAULT NULL COMMENT '生成模块名',
  `business_name` varchar(30) DEFAULT NULL COMMENT '生成业务名',
  `function_name` varchar(50) DEFAULT NULL COMMENT '生成功能名',
  `function_author` varchar(50) DEFAULT NULL COMMENT '生成功能作者',
  `gen_type` char(1) DEFAULT '0' COMMENT '生成代码方式（0zip压缩包 1自定义路径）',
  `gen_path` varchar(200) DEFAULT '/' COMMENT '生成路径（不填默认项目路径）',
  `options` varchar(1000) DEFAULT NULL COMMENT '其它生成选项',
  `create_by` varchar(64) DEFAULT '' COMMENT '创建者',
  `create_time` datetime DEFAULT NULL COMMENT '创建时间',
  `update_by` varchar(64) DEFAULT '' COMMENT '更新者',
  `update_time` datetime DEFAULT NULL COMMENT '更新时间',
  `remark` varchar(500) DEFAULT NULL COMMENT '备注',
  PRIMARY KEY (`table_id`) USING BTREE
) ENGINE=InnoDB AUTO_INCREMENT=6 DEFAULT CHARSET=utf8 ROW_FORMAT=DYNAMIC COMMENT='代码生成业务表';

-- ----------------------------
-- Records of gen_table
-- ----------------------------
INSERT INTO `gen_table` VALUES ('5', 'act_workflow_formdata', '动态表单', 'ActWorkflowFormdata', 'crud', 'com.ruoyi.activiti', 'activiti', 'formdata', '动态单', 'danny', '0', '/', '{}', 'admin', '2020-11-02 10:28:53', '', '2020-11-02 10:29:39', null);

-- ----------------------------
-- Table structure for gen_table_column
-- ----------------------------
DROP TABLE IF EXISTS `gen_table_column`;
CREATE TABLE `gen_table_column` (
  `column_id` bigint(20) NOT NULL AUTO_INCREMENT COMMENT '编号',
  `table_id` varchar(64) DEFAULT NULL COMMENT '归属表编号',
  `column_name` varchar(200) DEFAULT NULL COMMENT '列名称',
  `column_comment` varchar(500) DEFAULT NULL COMMENT '列描述',
  `column_type` varchar(100) DEFAULT NULL COMMENT '列类型',
  `java_type` varchar(500) DEFAULT NULL COMMENT 'JAVA类型',
  `java_field` varchar(200) DEFAULT NULL COMMENT 'JAVA字段名',
  `is_pk` char(1) DEFAULT NULL COMMENT '是否主键（1是）',
  `is_increment` char(1) DEFAULT NULL COMMENT '是否自增（1是）',
  `is_required` char(1) DEFAULT NULL COMMENT '是否必填（1是）',
  `is_insert` char(1) DEFAULT NULL COMMENT '是否为插入字段（1是）',
  `is_edit` char(1) DEFAULT NULL COMMENT '是否编辑字段（1是）',
  `is_list` char(1) DEFAULT NULL COMMENT '是否列表字段（1是）',
  `is_query` char(1) DEFAULT NULL COMMENT '是否查询字段（1是）',
  `query_type` varchar(200) DEFAULT 'EQ' COMMENT '查询方式（等于、不等于、大于、小于、范围）',
  `html_type` varchar(200) DEFAULT NULL COMMENT '显示类型（文本框、文本域、下拉框、复选框、单选框、日期控件）',
  `dict_type` varchar(200) DEFAULT '' COMMENT '字典类型',
  `sort` int(11) DEFAULT NULL COMMENT '排序',
  `create_by` varchar(64) DEFAULT '' COMMENT '创建者',
  `create_time` datetime DEFAULT NULL COMMENT '创建时间',
  `update_by` varchar(64) DEFAULT '' COMMENT '更新者',
  `update_time` datetime DEFAULT NULL COMMENT '更新时间',
  PRIMARY KEY (`column_id`) USING BTREE
) ENGINE=InnoDB AUTO_INCREMENT=56 DEFAULT CHARSET=utf8 ROW_FORMAT=DYNAMIC COMMENT='代码生成业务表字段';

-- ----------------------------
-- Records of gen_table_column
-- ----------------------------

-- ----------------------------
-- Table structure for qrtz_blob_triggers
-- ----------------------------
DROP TABLE IF EXISTS `qrtz_blob_triggers`;
CREATE TABLE `qrtz_blob_triggers` (
  `sched_name` varchar(120) NOT NULL,
  `trigger_name` varchar(200) NOT NULL,
  `trigger_group` varchar(200) NOT NULL,
  `blob_data` blob,
  PRIMARY KEY (`sched_name`,`trigger_name`,`trigger_group`) USING BTREE,
  CONSTRAINT `qrtz_blob_triggers_ibfk_1` FOREIGN KEY (`sched_name`, `trigger_name`, `trigger_group`) REFERENCES `qrtz_triggers` (`sched_name`, `trigger_name`, `trigger_group`)
) ENGINE=InnoDB DEFAULT CHARSET=utf8 ROW_FORMAT=DYNAMIC;

-- ----------------------------
-- Records of qrtz_blob_triggers
-- ----------------------------

-- ----------------------------
-- Table structure for qrtz_calendars
-- ----------------------------
DROP TABLE IF EXISTS `qrtz_calendars`;
CREATE TABLE `qrtz_calendars` (
  `sched_name` varchar(120) NOT NULL,
  `calendar_name` varchar(200) NOT NULL,
  `calendar` blob NOT NULL,
  PRIMARY KEY (`sched_name`,`calendar_name`) USING BTREE
) ENGINE=InnoDB DEFAULT CHARSET=utf8 ROW_FORMAT=DYNAMIC;

-- ----------------------------
-- Records of qrtz_calendars
-- ----------------------------

-- ----------------------------
-- Table structure for qrtz_cron_triggers
-- ----------------------------
DROP TABLE IF EXISTS `qrtz_cron_triggers`;
CREATE TABLE `qrtz_cron_triggers` (
  `sched_name` varchar(120) NOT NULL,
  `trigger_name` varchar(200) NOT NULL,
  `trigger_group` varchar(200) NOT NULL,
  `cron_expression` varchar(200) NOT NULL,
  `time_zone_id` varchar(80) DEFAULT NULL,
  PRIMARY KEY (`sched_name`,`trigger_name`,`trigger_group`) USING BTREE,
  CONSTRAINT `qrtz_cron_triggers_ibfk_1` FOREIGN KEY (`sched_name`, `trigger_name`, `trigger_group`) REFERENCES `qrtz_triggers` (`sched_name`, `trigger_name`, `trigger_group`)
) ENGINE=InnoDB DEFAULT CHARSET=utf8 ROW_FORMAT=DYNAMIC;

-- ----------------------------
-- Records of qrtz_cron_triggers
-- ----------------------------
INSERT INTO `qrtz_cron_triggers` VALUES ('RuoyiScheduler', 'TASK_CLASS_NAME1', 'DEFAULT', '0/10 * * * * ?', 'Asia/Shanghai');
INSERT INTO `qrtz_cron_triggers` VALUES ('RuoyiScheduler', 'TASK_CLASS_NAME2', 'DEFAULT', '0/15 * * * * ?', 'Asia/Shanghai');
INSERT INTO `qrtz_cron_triggers` VALUES ('RuoyiScheduler', 'TASK_CLASS_NAME3', 'DEFAULT', '0/20 * * * * ?', 'Asia/Shanghai');

-- ----------------------------
-- Table structure for qrtz_fired_triggers
-- ----------------------------
DROP TABLE IF EXISTS `qrtz_fired_triggers`;
CREATE TABLE `qrtz_fired_triggers` (
  `sched_name` varchar(120) NOT NULL,
  `entry_id` varchar(95) NOT NULL,
  `trigger_name` varchar(200) NOT NULL,
  `trigger_group` varchar(200) NOT NULL,
  `instance_name` varchar(200) NOT NULL,
  `fired_time` bigint(13) NOT NULL,
  `sched_time` bigint(13) NOT NULL,
  `priority` int(11) NOT NULL,
  `state` varchar(16) NOT NULL,
  `job_name` varchar(200) DEFAULT NULL,
  `job_group` varchar(200) DEFAULT NULL,
  `is_nonconcurrent` varchar(1) DEFAULT NULL,
  `requests_recovery` varchar(1) DEFAULT NULL,
  PRIMARY KEY (`sched_name`,`entry_id`) USING BTREE
) ENGINE=InnoDB DEFAULT CHARSET=utf8 ROW_FORMAT=DYNAMIC;

-- ----------------------------
-- Records of qrtz_fired_triggers
-- ----------------------------

-- ----------------------------
-- Table structure for qrtz_job_details
-- ----------------------------
DROP TABLE IF EXISTS `qrtz_job_details`;
CREATE TABLE `qrtz_job_details` (
  `sched_name` varchar(120) NOT NULL,
  `job_name` varchar(200) NOT NULL,
  `job_group` varchar(200) NOT NULL,
  `description` varchar(250) DEFAULT NULL,
  `job_class_name` varchar(250) NOT NULL,
  `is_durable` varchar(1) NOT NULL,
  `is_nonconcurrent` varchar(1) NOT NULL,
  `is_update_data` varchar(1) NOT NULL,
  `requests_recovery` varchar(1) NOT NULL,
  `job_data` blob,
  PRIMARY KEY (`sched_name`,`job_name`,`job_group`) USING BTREE
) ENGINE=InnoDB DEFAULT CHARSET=utf8 ROW_FORMAT=DYNAMIC;

-- ----------------------------
-- Records of qrtz_job_details
-- ----------------------------
INSERT INTO `qrtz_job_details` VALUES ('RuoyiScheduler', 'TASK_CLASS_NAME1', 'DEFAULT', null, 'com.ruoyi.quartz.util.QuartzDisallowConcurrentExecution', '0', '1', '0', '0', 0xACED0005737200156F72672E71756172747A2E4A6F62446174614D61709FB083E8BFA9B0CB020000787200266F72672E71756172747A2E7574696C732E537472696E674B65794469727479466C61674D61708208E8C3FBC55D280200015A0013616C6C6F77735472616E7369656E74446174617872001D6F72672E71756172747A2E7574696C732E4469727479466C61674D617013E62EAD28760ACE0200025A000564697274794C00036D617074000F4C6A6176612F7574696C2F4D61703B787001737200116A6176612E7574696C2E486173684D61700507DAC1C31660D103000246000A6C6F6164466163746F724900097468726573686F6C6478703F4000000000000C7708000000100000000174000F5441534B5F50524F504552544945537372001E636F6D2E72756F79692E71756172747A2E646F6D61696E2E5379734A6F6200000000000000010200084C000A636F6E63757272656E747400124C6A6176612F6C616E672F537472696E673B4C000E63726F6E45787072657373696F6E71007E00094C000C696E766F6B6554617267657471007E00094C00086A6F6247726F757071007E00094C00056A6F6249647400104C6A6176612F6C616E672F4C6F6E673B4C00076A6F624E616D6571007E00094C000D6D697366697265506F6C69637971007E00094C000673746174757371007E000978720027636F6D2E72756F79692E636F6D6D6F6E2E636F72652E646F6D61696E2E42617365456E7469747900000000000000010200094C0009626567696E54696D6571007E00094C0008637265617465427971007E00094C000A63726561746554696D657400104C6A6176612F7574696C2F446174653B4C0007656E6454696D6571007E00094C0006706172616D7371007E00034C000672656D61726B71007E00094C000B73656172636856616C756571007E00094C0008757064617465427971007E00094C000A75706461746554696D6571007E000C78707074000561646D696E7372000E6A6176612E7574696C2E44617465686A81014B59741903000078707708000001754EFD4AC07870707400007070707400013174000E302F3130202A202A202A202A203F74001172795461736B2E72794E6F506172616D7374000744454641554C547372000E6A6176612E6C616E672E4C6F6E673B8BE490CC8F23DF0200014A000576616C7565787200106A6176612E6C616E672E4E756D62657286AC951D0B94E08B02000078700000000000000001740018E7B3BBE7BB9FE9BB98E8AEA4EFBC88E697A0E58F82EFBC8974000133740001317800);
INSERT INTO `qrtz_job_details` VALUES ('RuoyiScheduler', 'TASK_CLASS_NAME2', 'DEFAULT', null, 'com.ruoyi.quartz.util.QuartzDisallowConcurrentExecution', '0', '1', '0', '0', 0xACED0005737200156F72672E71756172747A2E4A6F62446174614D61709FB083E8BFA9B0CB020000787200266F72672E71756172747A2E7574696C732E537472696E674B65794469727479466C61674D61708208E8C3FBC55D280200015A0013616C6C6F77735472616E7369656E74446174617872001D6F72672E71756172747A2E7574696C732E4469727479466C61674D617013E62EAD28760ACE0200025A000564697274794C00036D617074000F4C6A6176612F7574696C2F4D61703B787001737200116A6176612E7574696C2E486173684D61700507DAC1C31660D103000246000A6C6F6164466163746F724900097468726573686F6C6478703F4000000000000C7708000000100000000174000F5441534B5F50524F504552544945537372001E636F6D2E72756F79692E71756172747A2E646F6D61696E2E5379734A6F6200000000000000010200084C000A636F6E63757272656E747400124C6A6176612F6C616E672F537472696E673B4C000E63726F6E45787072657373696F6E71007E00094C000C696E766F6B6554617267657471007E00094C00086A6F6247726F757071007E00094C00056A6F6249647400104C6A6176612F6C616E672F4C6F6E673B4C00076A6F624E616D6571007E00094C000D6D697366697265506F6C69637971007E00094C000673746174757371007E000978720027636F6D2E72756F79692E636F6D6D6F6E2E636F72652E646F6D61696E2E42617365456E7469747900000000000000010200094C0009626567696E54696D6571007E00094C0008637265617465427971007E00094C000A63726561746554696D657400104C6A6176612F7574696C2F446174653B4C0007656E6454696D6571007E00094C0006706172616D7371007E00034C000672656D61726B71007E00094C000B73656172636856616C756571007E00094C0008757064617465427971007E00094C000A75706461746554696D6571007E000C78707074000561646D696E7372000E6A6176612E7574696C2E44617465686A81014B59741903000078707708000001754EFD4AC07870707400007070707400013174000E302F3135202A202A202A202A203F74001572795461736B2E7279506172616D7328277279272974000744454641554C547372000E6A6176612E6C616E672E4C6F6E673B8BE490CC8F23DF0200014A000576616C7565787200106A6176612E6C616E672E4E756D62657286AC951D0B94E08B02000078700000000000000002740018E7B3BBE7BB9FE9BB98E8AEA4EFBC88E69C89E58F82EFBC8974000133740001317800);
INSERT INTO `qrtz_job_details` VALUES ('RuoyiScheduler', 'TASK_CLASS_NAME3', 'DEFAULT', null, 'com.ruoyi.quartz.util.QuartzDisallowConcurrentExecution', '0', '1', '0', '0', 0xACED0005737200156F72672E71756172747A2E4A6F62446174614D61709FB083E8BFA9B0CB020000787200266F72672E71756172747A2E7574696C732E537472696E674B65794469727479466C61674D61708208E8C3FBC55D280200015A0013616C6C6F77735472616E7369656E74446174617872001D6F72672E71756172747A2E7574696C732E4469727479466C61674D617013E62EAD28760ACE0200025A000564697274794C00036D617074000F4C6A6176612F7574696C2F4D61703B787001737200116A6176612E7574696C2E486173684D61700507DAC1C31660D103000246000A6C6F6164466163746F724900097468726573686F6C6478703F4000000000000C7708000000100000000174000F5441534B5F50524F504552544945537372001E636F6D2E72756F79692E71756172747A2E646F6D61696E2E5379734A6F6200000000000000010200084C000A636F6E63757272656E747400124C6A6176612F6C616E672F537472696E673B4C000E63726F6E45787072657373696F6E71007E00094C000C696E766F6B6554617267657471007E00094C00086A6F6247726F757071007E00094C00056A6F6249647400104C6A6176612F6C616E672F4C6F6E673B4C00076A6F624E616D6571007E00094C000D6D697366697265506F6C69637971007E00094C000673746174757371007E000978720027636F6D2E72756F79692E636F6D6D6F6E2E636F72652E646F6D61696E2E42617365456E7469747900000000000000010200094C0009626567696E54696D6571007E00094C0008637265617465427971007E00094C000A63726561746554696D657400104C6A6176612F7574696C2F446174653B4C0007656E6454696D6571007E00094C0006706172616D7371007E00034C000672656D61726B71007E00094C000B73656172636856616C756571007E00094C0008757064617465427971007E00094C000A75706461746554696D6571007E000C78707074000561646D696E7372000E6A6176612E7574696C2E44617465686A81014B59741903000078707708000001754EFD4AC07870707400007070707400013174000E302F3230202A202A202A202A203F74003872795461736B2E72794D756C7469706C65506172616D7328277279272C20747275652C20323030304C2C203331362E3530442C203130302974000744454641554C547372000E6A6176612E6C616E672E4C6F6E673B8BE490CC8F23DF0200014A000576616C7565787200106A6176612E6C616E672E4E756D62657286AC951D0B94E08B02000078700000000000000003740018E7B3BBE7BB9FE9BB98E8AEA4EFBC88E5A49AE58F82EFBC8974000133740001317800);

-- ----------------------------
-- Table structure for qrtz_locks
-- ----------------------------
DROP TABLE IF EXISTS `qrtz_locks`;
CREATE TABLE `qrtz_locks` (
  `sched_name` varchar(120) NOT NULL,
  `lock_name` varchar(40) NOT NULL,
  PRIMARY KEY (`sched_name`,`lock_name`) USING BTREE
) ENGINE=InnoDB DEFAULT CHARSET=utf8 ROW_FORMAT=DYNAMIC;

-- ----------------------------
-- Records of qrtz_locks
-- ----------------------------
INSERT INTO `qrtz_locks` VALUES ('RuoyiScheduler', 'STATE_ACCESS');
INSERT INTO `qrtz_locks` VALUES ('RuoyiScheduler', 'TRIGGER_ACCESS');

-- ----------------------------
-- Table structure for qrtz_paused_trigger_grps
-- ----------------------------
DROP TABLE IF EXISTS `qrtz_paused_trigger_grps`;
CREATE TABLE `qrtz_paused_trigger_grps` (
  `sched_name` varchar(120) NOT NULL,
  `trigger_group` varchar(200) NOT NULL,
  PRIMARY KEY (`sched_name`,`trigger_group`) USING BTREE
) ENGINE=InnoDB DEFAULT CHARSET=utf8 ROW_FORMAT=DYNAMIC;

-- ----------------------------
-- Records of qrtz_paused_trigger_grps
-- ----------------------------

-- ----------------------------
-- Table structure for qrtz_scheduler_state
-- ----------------------------
DROP TABLE IF EXISTS `qrtz_scheduler_state`;
CREATE TABLE `qrtz_scheduler_state` (
  `sched_name` varchar(120) NOT NULL,
  `instance_name` varchar(200) NOT NULL,
  `last_checkin_time` bigint(13) NOT NULL,
  `checkin_interval` bigint(13) NOT NULL,
  PRIMARY KEY (`sched_name`,`instance_name`) USING BTREE
) ENGINE=InnoDB DEFAULT CHARSET=utf8 ROW_FORMAT=DYNAMIC;

-- ----------------------------
-- Records of qrtz_scheduler_state
-- ----------------------------
INSERT INTO `qrtz_scheduler_state` VALUES ('RuoyiScheduler', 'LAPTOP-QHBRT08N1642487640719', '1642491244034', '15000');

-- ----------------------------
-- Table structure for qrtz_simple_triggers
-- ----------------------------
DROP TABLE IF EXISTS `qrtz_simple_triggers`;
CREATE TABLE `qrtz_simple_triggers` (
  `sched_name` varchar(120) NOT NULL,
  `trigger_name` varchar(200) NOT NULL,
  `trigger_group` varchar(200) NOT NULL,
  `repeat_count` bigint(7) NOT NULL,
  `repeat_interval` bigint(12) NOT NULL,
  `times_triggered` bigint(10) NOT NULL,
  PRIMARY KEY (`sched_name`,`trigger_name`,`trigger_group`) USING BTREE,
  CONSTRAINT `qrtz_simple_triggers_ibfk_1` FOREIGN KEY (`sched_name`, `trigger_name`, `trigger_group`) REFERENCES `qrtz_triggers` (`sched_name`, `trigger_name`, `trigger_group`)
) ENGINE=InnoDB DEFAULT CHARSET=utf8 ROW_FORMAT=DYNAMIC;

-- ----------------------------
-- Records of qrtz_simple_triggers
-- ----------------------------

-- ----------------------------
-- Table structure for qrtz_simprop_triggers
-- ----------------------------
DROP TABLE IF EXISTS `qrtz_simprop_triggers`;
CREATE TABLE `qrtz_simprop_triggers` (
  `sched_name` varchar(120) NOT NULL,
  `trigger_name` varchar(200) NOT NULL,
  `trigger_group` varchar(200) NOT NULL,
  `str_prop_1` varchar(512) DEFAULT NULL,
  `str_prop_2` varchar(512) DEFAULT NULL,
  `str_prop_3` varchar(512) DEFAULT NULL,
  `int_prop_1` int(11) DEFAULT NULL,
  `int_prop_2` int(11) DEFAULT NULL,
  `long_prop_1` bigint(20) DEFAULT NULL,
  `long_prop_2` bigint(20) DEFAULT NULL,
  `dec_prop_1` decimal(13,4) DEFAULT NULL,
  `dec_prop_2` decimal(13,4) DEFAULT NULL,
  `bool_prop_1` varchar(1) DEFAULT NULL,
  `bool_prop_2` varchar(1) DEFAULT NULL,
  PRIMARY KEY (`sched_name`,`trigger_name`,`trigger_group`) USING BTREE,
  CONSTRAINT `qrtz_simprop_triggers_ibfk_1` FOREIGN KEY (`sched_name`, `trigger_name`, `trigger_group`) REFERENCES `qrtz_triggers` (`sched_name`, `trigger_name`, `trigger_group`)
) ENGINE=InnoDB DEFAULT CHARSET=utf8 ROW_FORMAT=DYNAMIC;

-- ----------------------------
-- Records of qrtz_simprop_triggers
-- ----------------------------

-- ----------------------------
-- Table structure for qrtz_triggers
-- ----------------------------
DROP TABLE IF EXISTS `qrtz_triggers`;
CREATE TABLE `qrtz_triggers` (
  `sched_name` varchar(120) NOT NULL,
  `trigger_name` varchar(200) NOT NULL,
  `trigger_group` varchar(200) NOT NULL,
  `job_name` varchar(200) NOT NULL,
  `job_group` varchar(200) NOT NULL,
  `description` varchar(250) DEFAULT NULL,
  `next_fire_time` bigint(13) DEFAULT NULL,
  `prev_fire_time` bigint(13) DEFAULT NULL,
  `priority` int(11) DEFAULT NULL,
  `trigger_state` varchar(16) NOT NULL,
  `trigger_type` varchar(8) NOT NULL,
  `start_time` bigint(13) NOT NULL,
  `end_time` bigint(13) DEFAULT NULL,
  `calendar_name` varchar(200) DEFAULT NULL,
  `misfire_instr` smallint(2) DEFAULT NULL,
  `job_data` blob,
  PRIMARY KEY (`sched_name`,`trigger_name`,`trigger_group`) USING BTREE,
  KEY `sched_name` (`sched_name`,`job_name`,`job_group`) USING BTREE,
  CONSTRAINT `qrtz_triggers_ibfk_1` FOREIGN KEY (`sched_name`, `job_name`, `job_group`) REFERENCES `qrtz_job_details` (`sched_name`, `job_name`, `job_group`)
) ENGINE=InnoDB DEFAULT CHARSET=utf8 ROW_FORMAT=DYNAMIC;

-- ----------------------------
-- Records of qrtz_triggers
-- ----------------------------
INSERT INTO `qrtz_triggers` VALUES ('RuoyiScheduler', 'TASK_CLASS_NAME1', 'DEFAULT', 'TASK_CLASS_NAME1', 'DEFAULT', null, '1642487640000', '-1', '5', 'PAUSED', 'CRON', '1642487640000', '0', null, '2', '');
INSERT INTO `qrtz_triggers` VALUES ('RuoyiScheduler', 'TASK_CLASS_NAME2', 'DEFAULT', 'TASK_CLASS_NAME2', 'DEFAULT', null, '1642487640000', '-1', '5', 'PAUSED', 'CRON', '1642487640000', '0', null, '2', '');
INSERT INTO `qrtz_triggers` VALUES ('RuoyiScheduler', 'TASK_CLASS_NAME3', 'DEFAULT', 'TASK_CLASS_NAME3', 'DEFAULT', null, '1642487640000', '-1', '5', 'PAUSED', 'CRON', '1642487640000', '0', null, '2', '');

-- ----------------------------
-- Table structure for sys_config
-- ----------------------------
DROP TABLE IF EXISTS `sys_config`;
CREATE TABLE `sys_config` (
  `config_id` int(5) NOT NULL AUTO_INCREMENT COMMENT '参数主键',
  `config_name` varchar(100) DEFAULT '' COMMENT '参数名称',
  `config_key` varchar(100) DEFAULT '' COMMENT '参数键名',
  `config_value` varchar(500) DEFAULT '' COMMENT '参数键值',
  `config_type` char(1) DEFAULT 'N' COMMENT '系统内置（Y是 N否）',
  `create_by` varchar(64) DEFAULT '' COMMENT '创建者',
  `create_time` datetime DEFAULT NULL COMMENT '创建时间',
  `update_by` varchar(64) DEFAULT '' COMMENT '更新者',
  `update_time` datetime DEFAULT NULL COMMENT '更新时间',
  `remark` varchar(500) DEFAULT NULL COMMENT '备注',
  PRIMARY KEY (`config_id`) USING BTREE
) ENGINE=InnoDB AUTO_INCREMENT=100 DEFAULT CHARSET=utf8 ROW_FORMAT=DYNAMIC COMMENT='参数配置表';

-- ----------------------------
-- Records of sys_config
-- ----------------------------
INSERT INTO `sys_config` VALUES ('1', '主框架页-默认皮肤样式名称', 'sys.index.skinName', 'skin-blue', 'Y', 'admin', '2020-10-22 14:27:04', '', null, '蓝色 skin-blue、绿色 skin-green、紫色 skin-purple、红色 skin-red、黄色 skin-yellow');
INSERT INTO `sys_config` VALUES ('2', '用户管理-账号初始密码', 'sys.user.initPassword', '123456', 'Y', 'admin', '2020-10-22 14:27:04', '', null, '初始化密码 123456');
INSERT INTO `sys_config` VALUES ('3', '主框架页-侧边栏主题', 'sys.index.sideTheme', 'theme-dark', 'Y', 'admin', '2020-10-22 14:27:04', '', null, '深色主题theme-dark，浅色主题theme-light');

-- ----------------------------
-- Table structure for sys_dept
-- ----------------------------
DROP TABLE IF EXISTS `sys_dept`;
CREATE TABLE `sys_dept` (
  `dept_id` bigint(20) NOT NULL AUTO_INCREMENT COMMENT '部门id',
  `parent_id` bigint(20) DEFAULT '0' COMMENT '父部门id',
  `ancestors` varchar(50) DEFAULT '' COMMENT '祖级列表',
  `dept_name` varchar(30) DEFAULT '' COMMENT '部门名称',
  `order_num` int(4) DEFAULT '0' COMMENT '显示顺序',
  `leader` varchar(20) DEFAULT NULL COMMENT '负责人',
  `phone` varchar(11) DEFAULT NULL COMMENT '联系电话',
  `email` varchar(50) DEFAULT NULL COMMENT '邮箱',
  `status` char(1) DEFAULT '0' COMMENT '部门状态（0正常 1停用）',
  `del_flag` char(1) DEFAULT '0' COMMENT '删除标志（0代表存在 2代表删除）',
  `create_by` varchar(64) DEFAULT '' COMMENT '创建者',
  `create_time` datetime DEFAULT NULL COMMENT '创建时间',
  `update_by` varchar(64) DEFAULT '' COMMENT '更新者',
  `update_time` datetime DEFAULT NULL COMMENT '更新时间',
  PRIMARY KEY (`dept_id`) USING BTREE
) ENGINE=InnoDB AUTO_INCREMENT=200 DEFAULT CHARSET=utf8 ROW_FORMAT=DYNAMIC COMMENT='部门表';

-- ----------------------------
-- Records of sys_dept
-- ----------------------------
INSERT INTO `sys_dept` VALUES ('100', '0', '0', '鼎新嘉源', '0', '若依', '15888888888', 'ry@qq.com', '0', '0', 'admin', '2020-10-22 14:27:04', 'admin', '2020-11-10 22:10:41');
INSERT INTO `sys_dept` VALUES ('103', '100', '0,100', '研发部门', '1', '若依', '15888888888', 'ry@qq.com', '0', '0', 'admin', '2020-10-22 14:27:04', 'admin', '2020-11-10 22:10:13');
INSERT INTO `sys_dept` VALUES ('104', '100', '0,100', '市场部门', '2', '若依', '15888888888', 'ry@qq.com', '0', '0', 'admin', '2020-10-22 14:27:04', 'admin', '2020-11-10 22:10:24');
INSERT INTO `sys_dept` VALUES ('105', '100', '0,100', '测试部门', '3', '若依', '15888888888', 'ry@qq.com', '0', '0', 'admin', '2020-10-22 14:27:04', 'admin', '2020-11-10 22:10:29');
INSERT INTO `sys_dept` VALUES ('106', '100', '0,100', '财务部门', '4', '若依', '15888888888', 'ry@qq.com', '0', '0', 'admin', '2020-10-22 14:27:04', 'admin', '2020-11-10 22:10:34');
INSERT INTO `sys_dept` VALUES ('107', '100', '0,100', '运维部门', '5', '若依', '15888888888', 'ry@qq.com', '0', '0', 'admin', '2020-10-22 14:27:04', 'admin', '2020-11-10 22:10:41');

-- ----------------------------
-- Table structure for sys_dict_data
-- ----------------------------
DROP TABLE IF EXISTS `sys_dict_data`;
CREATE TABLE `sys_dict_data` (
  `dict_code` bigint(20) NOT NULL AUTO_INCREMENT COMMENT '字典编码',
  `dict_sort` int(4) DEFAULT '0' COMMENT '字典排序',
  `dict_label` varchar(100) DEFAULT '' COMMENT '字典标签',
  `dict_value` varchar(100) DEFAULT '' COMMENT '字典键值',
  `dict_type` varchar(100) DEFAULT '' COMMENT '字典类型',
  `css_class` varchar(100) DEFAULT NULL COMMENT '样式属性（其他样式扩展）',
  `list_class` varchar(100) DEFAULT NULL COMMENT '表格回显样式',
  `is_default` char(1) DEFAULT 'N' COMMENT '是否默认（Y是 N否）',
  `status` char(1) DEFAULT '0' COMMENT '状态（0正常 1停用）',
  `create_by` varchar(64) DEFAULT '' COMMENT '创建者',
  `create_time` datetime DEFAULT NULL COMMENT '创建时间',
  `update_by` varchar(64) DEFAULT '' COMMENT '更新者',
  `update_time` datetime DEFAULT NULL COMMENT '更新时间',
  `remark` varchar(500) DEFAULT NULL COMMENT '备注',
  PRIMARY KEY (`dict_code`) USING BTREE
) ENGINE=InnoDB AUTO_INCREMENT=106 DEFAULT CHARSET=utf8 ROW_FORMAT=DYNAMIC COMMENT='字典数据表';

-- ----------------------------
-- Records of sys_dict_data
-- ----------------------------
INSERT INTO `sys_dict_data` VALUES ('1', '1', '男', '0', 'sys_user_sex', '', '', 'Y', '0', 'admin', '2020-10-22 14:27:04', '', null, '性别男');
INSERT INTO `sys_dict_data` VALUES ('2', '2', '女', '1', 'sys_user_sex', '', '', 'N', '0', 'admin', '2020-10-22 14:27:04', '', null, '性别女');
INSERT INTO `sys_dict_data` VALUES ('3', '3', '未知', '2', 'sys_user_sex', '', '', 'N', '0', 'admin', '2020-10-22 14:27:04', '', null, '性别未知');
INSERT INTO `sys_dict_data` VALUES ('4', '1', '显示', '0', 'sys_show_hide', '', 'primary', 'Y', '0', 'admin', '2020-10-22 14:27:04', '', null, '显示菜单');
INSERT INTO `sys_dict_data` VALUES ('5', '2', '隐藏', '1', 'sys_show_hide', '', 'danger', 'N', '0', 'admin', '2020-10-22 14:27:04', '', null, '隐藏菜单');
INSERT INTO `sys_dict_data` VALUES ('6', '1', '正常', '0', 'sys_normal_disable', '', 'primary', 'Y', '0', 'admin', '2020-10-22 14:27:04', '', null, '正常状态');
INSERT INTO `sys_dict_data` VALUES ('7', '2', '停用', '1', 'sys_normal_disable', '', 'danger', 'N', '0', 'admin', '2020-10-22 14:27:04', '', null, '停用状态');
INSERT INTO `sys_dict_data` VALUES ('8', '1', '正常', '0', 'sys_job_status', '', 'primary', 'Y', '0', 'admin', '2020-10-22 14:27:04', '', null, '正常状态');
INSERT INTO `sys_dict_data` VALUES ('9', '2', '暂停', '1', 'sys_job_status', '', 'danger', 'N', '0', 'admin', '2020-10-22 14:27:04', '', null, '停用状态');
INSERT INTO `sys_dict_data` VALUES ('10', '1', '默认', 'DEFAULT', 'sys_job_group', '', '', 'Y', '0', 'admin', '2020-10-22 14:27:04', '', null, '默认分组');
INSERT INTO `sys_dict_data` VALUES ('11', '2', '系统', 'SYSTEM', 'sys_job_group', '', '', 'N', '0', 'admin', '2020-10-22 14:27:04', '', null, '系统分组');
INSERT INTO `sys_dict_data` VALUES ('12', '1', '是', 'Y', 'sys_yes_no', '', 'primary', 'Y', '0', 'admin', '2020-10-22 14:27:04', '', null, '系统默认是');
INSERT INTO `sys_dict_data` VALUES ('13', '2', '否', 'N', 'sys_yes_no', '', 'danger', 'N', '0', 'admin', '2020-10-22 14:27:04', '', null, '系统默认否');
INSERT INTO `sys_dict_data` VALUES ('14', '1', '通知', '1', 'sys_notice_type', '', 'warning', 'Y', '0', 'admin', '2020-10-22 14:27:04', '', null, '通知');
INSERT INTO `sys_dict_data` VALUES ('15', '2', '公告', '2', 'sys_notice_type', '', 'success', 'N', '0', 'admin', '2020-10-22 14:27:04', '', null, '公告');
INSERT INTO `sys_dict_data` VALUES ('16', '1', '正常', '0', 'sys_notice_status', '', 'primary', 'Y', '0', 'admin', '2020-10-22 14:27:04', '', null, '正常状态');
INSERT INTO `sys_dict_data` VALUES ('17', '2', '关闭', '1', 'sys_notice_status', '', 'danger', 'N', '0', 'admin', '2020-10-22 14:27:04', '', null, '关闭状态');
INSERT INTO `sys_dict_data` VALUES ('18', '1', '新增', '1', 'sys_oper_type', '', 'info', 'N', '0', 'admin', '2020-10-22 14:27:04', '', null, '新增操作');
INSERT INTO `sys_dict_data` VALUES ('19', '2', '修改', '2', 'sys_oper_type', '', 'info', 'N', '0', 'admin', '2020-10-22 14:27:04', '', null, '修改操作');
INSERT INTO `sys_dict_data` VALUES ('20', '3', '删除', '3', 'sys_oper_type', '', 'danger', 'N', '0', 'admin', '2020-10-22 14:27:04', '', null, '删除操作');
INSERT INTO `sys_dict_data` VALUES ('21', '4', '授权', '4', 'sys_oper_type', '', 'primary', 'N', '0', 'admin', '2020-10-22 14:27:04', '', null, '授权操作');
INSERT INTO `sys_dict_data` VALUES ('22', '5', '导出', '5', 'sys_oper_type', '', 'warning', 'N', '0', 'admin', '2020-10-22 14:27:04', '', null, '导出操作');
INSERT INTO `sys_dict_data` VALUES ('23', '6', '导入', '6', 'sys_oper_type', '', 'warning', 'N', '0', 'admin', '2020-10-22 14:27:04', '', null, '导入操作');
INSERT INTO `sys_dict_data` VALUES ('24', '7', '强退', '7', 'sys_oper_type', '', 'danger', 'N', '0', 'admin', '2020-10-22 14:27:04', '', null, '强退操作');
INSERT INTO `sys_dict_data` VALUES ('25', '8', '生成代码', '8', 'sys_oper_type', '', 'warning', 'N', '0', 'admin', '2020-10-22 14:27:04', '', null, '生成操作');
INSERT INTO `sys_dict_data` VALUES ('26', '9', '清空数据', '9', 'sys_oper_type', '', 'danger', 'N', '0', 'admin', '2020-10-22 14:27:04', '', null, '清空操作');
INSERT INTO `sys_dict_data` VALUES ('27', '1', '成功', '0', 'sys_common_status', '', 'primary', 'N', '0', 'admin', '2020-10-22 14:27:04', '', null, '正常状态');
INSERT INTO `sys_dict_data` VALUES ('28', '2', '失败', '1', 'sys_common_status', '', 'danger', 'N', '0', 'admin', '2020-10-22 14:27:04', '', null, '停用状态');
INSERT INTO `sys_dict_data` VALUES ('100', '1', '进行中', '0', 'activiti_flow_type', null, null, 'N', '0', 'admin', '2020-10-28 00:03:42', 'admin', '2020-10-28 22:40:58', null);
INSERT INTO `sys_dict_data` VALUES ('101', '2', '成功', '1', 'activiti_flow_type', null, null, 'N', '0', 'admin', '2020-10-28 00:03:50', 'admin', '2020-10-28 22:41:09', null);
INSERT INTO `sys_dict_data` VALUES ('102', '3', '失败', '2', 'activiti_flow_type', null, null, 'N', '0', 'admin', '2020-10-28 00:04:02', 'admin', '2020-10-28 22:41:17', null);
INSERT INTO `sys_dict_data` VALUES ('103', '1', '年假', '年假', 'activiti_leave_type', null, null, 'N', '0', 'admin', '2020-10-28 00:07:14', 'admin', '2020-11-04 17:41:02', null);
INSERT INTO `sys_dict_data` VALUES ('104', '2', '病假', '病假', 'activiti_leave_type', null, null, 'N', '0', 'admin', '2020-10-28 00:07:27', 'admin', '2020-11-04 17:41:07', null);
INSERT INTO `sys_dict_data` VALUES ('105', '3', '事假', '事假', 'activiti_leave_type', null, null, 'N', '0', 'admin', '2020-10-28 00:07:48', 'admin', '2020-11-04 17:41:12', null);

-- ----------------------------
-- Table structure for sys_dict_type
-- ----------------------------
DROP TABLE IF EXISTS `sys_dict_type`;
CREATE TABLE `sys_dict_type` (
  `dict_id` bigint(20) NOT NULL AUTO_INCREMENT COMMENT '字典主键',
  `dict_name` varchar(100) DEFAULT '' COMMENT '字典名称',
  `dict_type` varchar(100) DEFAULT '' COMMENT '字典类型',
  `status` char(1) DEFAULT '0' COMMENT '状态（0正常 1停用）',
  `create_by` varchar(64) DEFAULT '' COMMENT '创建者',
  `create_time` datetime DEFAULT NULL COMMENT '创建时间',
  `update_by` varchar(64) DEFAULT '' COMMENT '更新者',
  `update_time` datetime DEFAULT NULL COMMENT '更新时间',
  `remark` varchar(500) DEFAULT NULL COMMENT '备注',
  PRIMARY KEY (`dict_id`) USING BTREE,
  UNIQUE KEY `dict_type` (`dict_type`) USING BTREE
) ENGINE=InnoDB AUTO_INCREMENT=102 DEFAULT CHARSET=utf8 ROW_FORMAT=DYNAMIC COMMENT='字典类型表';

-- ----------------------------
-- Records of sys_dict_type
-- ----------------------------
INSERT INTO `sys_dict_type` VALUES ('1', '用户性别', 'sys_user_sex', '0', 'admin', '2020-10-22 14:27:04', '', null, '用户性别列表');
INSERT INTO `sys_dict_type` VALUES ('2', '菜单状态', 'sys_show_hide', '0', 'admin', '2020-10-22 14:27:04', '', null, '菜单状态列表');
INSERT INTO `sys_dict_type` VALUES ('3', '系统开关', 'sys_normal_disable', '0', 'admin', '2020-10-22 14:27:04', '', null, '系统开关列表');
INSERT INTO `sys_dict_type` VALUES ('4', '任务状态', 'sys_job_status', '0', 'admin', '2020-10-22 14:27:04', '', null, '任务状态列表');
INSERT INTO `sys_dict_type` VALUES ('5', '任务分组', 'sys_job_group', '0', 'admin', '2020-10-22 14:27:04', '', null, '任务分组列表');
INSERT INTO `sys_dict_type` VALUES ('6', '系统是否', 'sys_yes_no', '0', 'admin', '2020-10-22 14:27:04', '', null, '系统是否列表');
INSERT INTO `sys_dict_type` VALUES ('7', '通知类型', 'sys_notice_type', '0', 'admin', '2020-10-22 14:27:04', '', null, '通知类型列表');
INSERT INTO `sys_dict_type` VALUES ('8', '通知状态', 'sys_notice_status', '0', 'admin', '2020-10-22 14:27:04', '', null, '通知状态列表');
INSERT INTO `sys_dict_type` VALUES ('9', '操作类型', 'sys_oper_type', '0', 'admin', '2020-10-22 14:27:04', '', null, '操作类型列表');
INSERT INTO `sys_dict_type` VALUES ('10', '系统状态', 'sys_common_status', '0', 'admin', '2020-10-22 14:27:04', '', null, '登录状态列表');
INSERT INTO `sys_dict_type` VALUES ('100', 'OA状态', 'activiti_flow_type', '0', 'admin', '2020-10-28 00:01:56', 'admin', '2020-10-28 00:02:43', 'OA流程状态');
INSERT INTO `sys_dict_type` VALUES ('101', '请假类型', 'activiti_leave_type', '0', 'admin', '2020-10-28 00:06:10', 'admin', '2020-10-28 00:06:34', null);

-- ----------------------------
-- Table structure for sys_job
-- ----------------------------
DROP TABLE IF EXISTS `sys_job`;
CREATE TABLE `sys_job` (
  `job_id` bigint(20) NOT NULL AUTO_INCREMENT COMMENT '任务ID',
  `job_name` varchar(64) NOT NULL DEFAULT '' COMMENT '任务名称',
  `job_group` varchar(64) NOT NULL DEFAULT 'DEFAULT' COMMENT '任务组名',
  `invoke_target` varchar(500) NOT NULL COMMENT '调用目标字符串',
  `cron_expression` varchar(255) DEFAULT '' COMMENT 'cron执行表达式',
  `misfire_policy` varchar(20) DEFAULT '3' COMMENT '计划执行错误策略（1立即执行 2执行一次 3放弃执行）',
  `concurrent` char(1) DEFAULT '1' COMMENT '是否并发执行（0允许 1禁止）',
  `status` char(1) DEFAULT '0' COMMENT '状态（0正常 1暂停）',
  `create_by` varchar(64) DEFAULT '' COMMENT '创建者',
  `create_time` datetime DEFAULT NULL COMMENT '创建时间',
  `update_by` varchar(64) DEFAULT '' COMMENT '更新者',
  `update_time` datetime DEFAULT NULL COMMENT '更新时间',
  `remark` varchar(500) DEFAULT '' COMMENT '备注信息',
  PRIMARY KEY (`job_id`,`job_name`,`job_group`) USING BTREE
) ENGINE=InnoDB AUTO_INCREMENT=100 DEFAULT CHARSET=utf8 ROW_FORMAT=DYNAMIC COMMENT='定时任务调度表';

-- ----------------------------
-- Records of sys_job
-- ----------------------------
INSERT INTO `sys_job` VALUES ('1', '系统默认（无参）', 'DEFAULT', 'ryTask.ryNoParams', '0/10 * * * * ?', '3', '1', '1', 'admin', '2020-10-22 14:27:04', '', null, '');
INSERT INTO `sys_job` VALUES ('2', '系统默认（有参）', 'DEFAULT', 'ryTask.ryParams(\'ry\')', '0/15 * * * * ?', '3', '1', '1', 'admin', '2020-10-22 14:27:04', '', null, '');
INSERT INTO `sys_job` VALUES ('3', '系统默认（多参）', 'DEFAULT', 'ryTask.ryMultipleParams(\'ry\', true, 2000L, 316.50D, 100)', '0/20 * * * * ?', '3', '1', '1', 'admin', '2020-10-22 14:27:04', '', null, '');

-- ----------------------------
-- Table structure for sys_job_log
-- ----------------------------
DROP TABLE IF EXISTS `sys_job_log`;
CREATE TABLE `sys_job_log` (
  `job_log_id` bigint(20) NOT NULL AUTO_INCREMENT COMMENT '任务日志ID',
  `job_name` varchar(64) NOT NULL COMMENT '任务名称',
  `job_group` varchar(64) NOT NULL COMMENT '任务组名',
  `invoke_target` varchar(500) NOT NULL COMMENT '调用目标字符串',
  `job_message` varchar(500) DEFAULT NULL COMMENT '日志信息',
  `status` char(1) DEFAULT '0' COMMENT '执行状态（0正常 1失败）',
  `exception_info` varchar(2000) DEFAULT '' COMMENT '异常信息',
  `create_time` datetime DEFAULT NULL COMMENT '创建时间',
  PRIMARY KEY (`job_log_id`) USING BTREE
) ENGINE=InnoDB DEFAULT CHARSET=utf8 ROW_FORMAT=DYNAMIC COMMENT='定时任务调度日志表';

-- ----------------------------
-- Records of sys_job_log
-- ----------------------------

-- ----------------------------
-- Table structure for sys_logininfor
-- ----------------------------
DROP TABLE IF EXISTS `sys_logininfor`;
CREATE TABLE `sys_logininfor` (
  `info_id` bigint(20) NOT NULL AUTO_INCREMENT COMMENT '访问ID',
  `user_name` varchar(50) DEFAULT '' COMMENT '用户账号',
  `ipaddr` varchar(50) DEFAULT '' COMMENT '登录IP地址',
  `login_location` varchar(255) DEFAULT '' COMMENT '登录地点',
  `browser` varchar(50) DEFAULT '' COMMENT '浏览器类型',
  `os` varchar(50) DEFAULT '' COMMENT '操作系统',
  `status` char(1) DEFAULT '0' COMMENT '登录状态（0成功 1失败）',
  `msg` varchar(255) DEFAULT '' COMMENT '提示消息',
  `login_time` datetime DEFAULT NULL COMMENT '访问时间',
  PRIMARY KEY (`info_id`) USING BTREE
) ENGINE=InnoDB AUTO_INCREMENT=264 DEFAULT CHARSET=utf8 ROW_FORMAT=DYNAMIC COMMENT='系统访问记录';

-- ----------------------------
-- Records of sys_logininfor
-- ----------------------------
INSERT INTO `sys_logininfor` VALUES ('262', 'admin', '127.0.0.1', '内网IP', 'Chrome 9', 'Windows 10', '1', '验证码已失效', '2022-01-18 14:45:36');
INSERT INTO `sys_logininfor` VALUES ('263', 'admin', '127.0.0.1', '内网IP', 'Chrome 9', 'Windows 10', '0', '登录成功', '2022-01-18 14:45:39');

-- ----------------------------
-- Table structure for sys_menu
-- ----------------------------
DROP TABLE IF EXISTS `sys_menu`;
CREATE TABLE `sys_menu` (
  `menu_id` bigint(20) NOT NULL AUTO_INCREMENT COMMENT '菜单ID',
  `menu_name` varchar(50) NOT NULL COMMENT '菜单名称',
  `parent_id` bigint(20) DEFAULT '0' COMMENT '父菜单ID',
  `order_num` int(4) DEFAULT '0' COMMENT '显示顺序',
  `path` varchar(200) DEFAULT '' COMMENT '路由地址',
  `component` varchar(255) DEFAULT NULL COMMENT '组件路径',
  `is_frame` int(1) DEFAULT '1' COMMENT '是否为外链（0是 1否）',
  `is_cache` int(1) DEFAULT '0' COMMENT '是否缓存（0缓存 1不缓存）',
  `menu_type` char(1) DEFAULT '' COMMENT '菜单类型（M目录 C菜单 F按钮）',
  `visible` char(1) DEFAULT '0' COMMENT '菜单状态（0显示 1隐藏）',
  `status` char(1) DEFAULT '0' COMMENT '菜单状态（0正常 1停用）',
  `perms` varchar(100) DEFAULT NULL COMMENT '权限标识',
  `icon` varchar(100) DEFAULT '#' COMMENT '菜单图标',
  `create_by` varchar(64) DEFAULT '' COMMENT '创建者',
  `create_time` datetime DEFAULT NULL COMMENT '创建时间',
  `update_by` varchar(64) DEFAULT '' COMMENT '更新者',
  `update_time` datetime DEFAULT NULL COMMENT '更新时间',
  `remark` varchar(500) DEFAULT '' COMMENT '备注',
  PRIMARY KEY (`menu_id`) USING BTREE
) ENGINE=InnoDB AUTO_INCREMENT=2011 DEFAULT CHARSET=utf8 ROW_FORMAT=DYNAMIC COMMENT='菜单权限表';

-- ----------------------------
-- Records of sys_menu
-- ----------------------------
INSERT INTO `sys_menu` VALUES ('1', '系统管理', '0', '1', 'system', null, '1', '0', 'M', '0', '0', '', 'system', 'admin', '2020-10-22 14:27:04', '', null, '系统管理目录');
INSERT INTO `sys_menu` VALUES ('2', '系统监控', '0', '2', 'monitor', null, '1', '0', 'M', '0', '0', '', 'monitor', 'admin', '2020-10-22 14:27:04', '', null, '系统监控目录');
INSERT INTO `sys_menu` VALUES ('3', '系统工具', '0', '3', 'tool', null, '1', '0', 'M', '0', '0', '', 'tool', 'admin', '2020-10-22 14:27:04', '', null, '系统工具目录');
INSERT INTO `sys_menu` VALUES ('5', '流程管理', '0', '4', 'activiti', null, '1', '0', 'M', '0', '0', 'activiti:modeler:list', 'cascader', 'admin', '2020-09-13 21:58:54', 'admin', '2022-01-18 15:26:04', '');
INSERT INTO `sys_menu` VALUES ('100', '用户管理', '1', '1', 'user', 'system/user/index', '1', '0', 'C', '0', '0', 'system:user:list', 'user', 'admin', '2020-10-22 14:27:04', '', null, '用户管理菜单');
INSERT INTO `sys_menu` VALUES ('101', '角色管理', '1', '2', 'role', 'system/role/index', '1', '0', 'C', '0', '0', 'system:role:list', 'peoples', 'admin', '2020-10-22 14:27:04', '', null, '角色管理菜单');
INSERT INTO `sys_menu` VALUES ('102', '菜单管理', '1', '3', 'menu', 'system/menu/index', '1', '0', 'C', '0', '0', 'system:menu:list', 'tree-table', 'admin', '2020-10-22 14:27:04', '', null, '菜单管理菜单');
INSERT INTO `sys_menu` VALUES ('103', '部门管理', '1', '4', 'dept', 'system/dept/index', '1', '0', 'C', '0', '0', 'system:dept:list', 'tree', 'admin', '2020-10-22 14:27:04', '', null, '部门管理菜单');
INSERT INTO `sys_menu` VALUES ('104', '岗位管理', '1', '5', 'post', 'system/post/index', '1', '0', 'C', '0', '0', 'system:post:list', 'post', 'admin', '2020-10-22 14:27:04', '', null, '岗位管理菜单');
INSERT INTO `sys_menu` VALUES ('105', '字典管理', '1', '6', 'dict', 'system/dict/index', '1', '0', 'C', '0', '0', 'system:dict:list', 'dict', 'admin', '2020-10-22 14:27:04', '', null, '字典管理菜单');
INSERT INTO `sys_menu` VALUES ('106', '参数设置', '1', '7', 'config', 'system/config/index', '1', '0', 'C', '0', '0', 'system:config:list', 'edit', 'admin', '2020-10-22 14:27:04', '', null, '参数设置菜单');
INSERT INTO `sys_menu` VALUES ('107', '通知公告', '1', '8', 'notice', 'system/notice/index', '1', '0', 'C', '0', '0', 'system:notice:list', 'message', 'admin', '2020-10-22 14:27:04', '', null, '通知公告菜单');
INSERT INTO `sys_menu` VALUES ('108', '日志管理', '1', '9', 'log', 'system/log/index', '1', '0', 'M', '0', '0', '', 'log', 'admin', '2020-10-22 14:27:04', '', null, '日志管理菜单');
INSERT INTO `sys_menu` VALUES ('109', '在线用户', '2', '1', 'online', 'monitor/online/index', '1', '0', 'C', '0', '0', 'monitor:online:list', 'online', 'admin', '2020-10-22 14:27:04', '', null, '在线用户菜单');
INSERT INTO `sys_menu` VALUES ('110', '定时任务', '2', '2', 'job', 'monitor/job/index', '1', '0', 'C', '0', '0', 'monitor:job:list', 'job', 'admin', '2020-10-22 14:27:04', '', null, '定时任务菜单');
INSERT INTO `sys_menu` VALUES ('111', '数据监控', '2', '3', 'druid', 'monitor/druid/index', '1', '0', 'C', '0', '0', 'monitor:druid:list', 'druid', 'admin', '2020-10-22 14:27:04', '', null, '数据监控菜单');
INSERT INTO `sys_menu` VALUES ('112', '服务监控', '2', '4', 'server', 'monitor/server/index', '1', '0', 'C', '0', '0', 'monitor:server:list', 'server', 'admin', '2020-10-22 14:27:04', '', null, '服务监控菜单');
INSERT INTO `sys_menu` VALUES ('113', '表单构建', '3', '1', 'build', 'tool/build/index', '1', '0', 'C', '0', '0', 'tool:build:list', 'build', 'admin', '2020-10-22 14:27:04', '', null, '表单构建菜单');
INSERT INTO `sys_menu` VALUES ('114', '代码生成', '3', '2', 'gen', 'tool/gen/index', '1', '0', 'C', '0', '0', 'tool:gen:list', 'code', 'admin', '2020-10-22 14:27:04', '', null, '代码生成菜单');
INSERT INTO `sys_menu` VALUES ('115', '系统接口', '3', '3', 'swagger', 'tool/swagger/index', '1', '0', 'C', '0', '0', 'tool:swagger:list', 'swagger', 'admin', '2020-10-22 14:27:04', '', null, '系统接口菜单');
INSERT INTO `sys_menu` VALUES ('500', '操作日志', '108', '1', 'operlog', 'monitor/operlog/index', '1', '0', 'C', '0', '0', 'monitor:operlog:list', 'form', 'admin', '2020-10-22 14:27:04', '', null, '操作日志菜单');
INSERT INTO `sys_menu` VALUES ('501', '登录日志', '108', '2', 'logininfor', 'monitor/logininfor/index', '1', '0', 'C', '0', '0', 'monitor:logininfor:list', 'logininfor', 'admin', '2020-10-22 14:27:04', '', null, '登录日志菜单');
INSERT INTO `sys_menu` VALUES ('1001', '用户查询', '100', '1', '', '', '1', '0', 'F', '0', '0', 'system:user:query', '#', 'admin', '2020-10-22 14:27:04', '', null, '');
INSERT INTO `sys_menu` VALUES ('1002', '用户新增', '100', '2', '', '', '1', '0', 'F', '0', '0', 'system:user:add', '#', 'admin', '2020-10-22 14:27:04', '', null, '');
INSERT INTO `sys_menu` VALUES ('1003', '用户修改', '100', '3', '', '', '1', '0', 'F', '0', '0', 'system:user:edit', '#', 'admin', '2020-10-22 14:27:04', '', null, '');
INSERT INTO `sys_menu` VALUES ('1004', '用户删除', '100', '4', '', '', '1', '0', 'F', '0', '0', 'system:user:remove', '#', 'admin', '2020-10-22 14:27:04', '', null, '');
INSERT INTO `sys_menu` VALUES ('1005', '用户导出', '100', '5', '', '', '1', '0', 'F', '0', '0', 'system:user:export', '#', 'admin', '2020-10-22 14:27:04', '', null, '');
INSERT INTO `sys_menu` VALUES ('1006', '用户导入', '100', '6', '', '', '1', '0', 'F', '0', '0', 'system:user:import', '#', 'admin', '2020-10-22 14:27:04', '', null, '');
INSERT INTO `sys_menu` VALUES ('1007', '重置密码', '100', '7', '', '', '1', '0', 'F', '0', '0', 'system:user:resetPwd', '#', 'admin', '2020-10-22 14:27:04', '', null, '');
INSERT INTO `sys_menu` VALUES ('1008', '角色查询', '101', '1', '', '', '1', '0', 'F', '0', '0', 'system:role:query', '#', 'admin', '2020-10-22 14:27:04', '', null, '');
INSERT INTO `sys_menu` VALUES ('1009', '角色新增', '101', '2', '', '', '1', '0', 'F', '0', '0', 'system:role:add', '#', 'admin', '2020-10-22 14:27:04', '', null, '');
INSERT INTO `sys_menu` VALUES ('1010', '角色修改', '101', '3', '', '', '1', '0', 'F', '0', '0', 'system:role:edit', '#', 'admin', '2020-10-22 14:27:04', '', null, '');
INSERT INTO `sys_menu` VALUES ('1011', '角色删除', '101', '4', '', '', '1', '0', 'F', '0', '0', 'system:role:remove', '#', 'admin', '2020-10-22 14:27:04', '', null, '');
INSERT INTO `sys_menu` VALUES ('1012', '角色导出', '101', '5', '', '', '1', '0', 'F', '0', '0', 'system:role:export', '#', 'admin', '2020-10-22 14:27:04', '', null, '');
INSERT INTO `sys_menu` VALUES ('1013', '菜单查询', '102', '1', '', '', '1', '0', 'F', '0', '0', 'system:menu:query', '#', 'admin', '2020-10-22 14:27:04', '', null, '');
INSERT INTO `sys_menu` VALUES ('1014', '菜单新增', '102', '2', '', '', '1', '0', 'F', '0', '0', 'system:menu:add', '#', 'admin', '2020-10-22 14:27:04', '', null, '');
INSERT INTO `sys_menu` VALUES ('1015', '菜单修改', '102', '3', '', '', '1', '0', 'F', '0', '0', 'system:menu:edit', '#', 'admin', '2020-10-22 14:27:04', '', null, '');
INSERT INTO `sys_menu` VALUES ('1016', '菜单删除', '102', '4', '', '', '1', '0', 'F', '0', '0', 'system:menu:remove', '#', 'admin', '2020-10-22 14:27:04', '', null, '');
INSERT INTO `sys_menu` VALUES ('1017', '部门查询', '103', '1', '', '', '1', '0', 'F', '0', '0', 'system:dept:query', '#', 'admin', '2020-10-22 14:27:04', '', null, '');
INSERT INTO `sys_menu` VALUES ('1018', '部门新增', '103', '2', '', '', '1', '0', 'F', '0', '0', 'system:dept:add', '#', 'admin', '2020-10-22 14:27:04', '', null, '');
INSERT INTO `sys_menu` VALUES ('1019', '部门修改', '103', '3', '', '', '1', '0', 'F', '0', '0', 'system:dept:edit', '#', 'admin', '2020-10-22 14:27:04', '', null, '');
INSERT INTO `sys_menu` VALUES ('1020', '部门删除', '103', '4', '', '', '1', '0', 'F', '0', '0', 'system:dept:remove', '#', 'admin', '2020-10-22 14:27:04', '', null, '');
INSERT INTO `sys_menu` VALUES ('1021', '岗位查询', '104', '1', '', '', '1', '0', 'F', '0', '0', 'system:post:query', '#', 'admin', '2020-10-22 14:27:04', '', null, '');
INSERT INTO `sys_menu` VALUES ('1022', '岗位新增', '104', '2', '', '', '1', '0', 'F', '0', '0', 'system:post:add', '#', 'admin', '2020-10-22 14:27:04', '', null, '');
INSERT INTO `sys_menu` VALUES ('1023', '岗位修改', '104', '3', '', '', '1', '0', 'F', '0', '0', 'system:post:edit', '#', 'admin', '2020-10-22 14:27:04', '', null, '');
INSERT INTO `sys_menu` VALUES ('1024', '岗位删除', '104', '4', '', '', '1', '0', 'F', '0', '0', 'system:post:remove', '#', 'admin', '2020-10-22 14:27:04', '', null, '');
INSERT INTO `sys_menu` VALUES ('1025', '岗位导出', '104', '5', '', '', '1', '0', 'F', '0', '0', 'system:post:export', '#', 'admin', '2020-10-22 14:27:04', '', null, '');
INSERT INTO `sys_menu` VALUES ('1026', '字典查询', '105', '1', '#', '', '1', '0', 'F', '0', '0', 'system:dict:query', '#', 'admin', '2020-10-22 14:27:04', '', null, '');
INSERT INTO `sys_menu` VALUES ('1027', '字典新增', '105', '2', '#', '', '1', '0', 'F', '0', '0', 'system:dict:add', '#', 'admin', '2020-10-22 14:27:04', '', null, '');
INSERT INTO `sys_menu` VALUES ('1028', '字典修改', '105', '3', '#', '', '1', '0', 'F', '0', '0', 'system:dict:edit', '#', 'admin', '2020-10-22 14:27:04', '', null, '');
INSERT INTO `sys_menu` VALUES ('1029', '字典删除', '105', '4', '#', '', '1', '0', 'F', '0', '0', 'system:dict:remove', '#', 'admin', '2020-10-22 14:27:04', '', null, '');
INSERT INTO `sys_menu` VALUES ('1030', '字典导出', '105', '5', '#', '', '1', '0', 'F', '0', '0', 'system:dict:export', '#', 'admin', '2020-10-22 14:27:04', '', null, '');
INSERT INTO `sys_menu` VALUES ('1031', '参数查询', '106', '1', '#', '', '1', '0', 'F', '0', '0', 'system:config:query', '#', 'admin', '2020-10-22 14:27:04', '', null, '');
INSERT INTO `sys_menu` VALUES ('1032', '参数新增', '106', '2', '#', '', '1', '0', 'F', '0', '0', 'system:config:add', '#', 'admin', '2020-10-22 14:27:04', '', null, '');
INSERT INTO `sys_menu` VALUES ('1033', '参数修改', '106', '3', '#', '', '1', '0', 'F', '0', '0', 'system:config:edit', '#', 'admin', '2020-10-22 14:27:04', '', null, '');
INSERT INTO `sys_menu` VALUES ('1034', '参数删除', '106', '4', '#', '', '1', '0', 'F', '0', '0', 'system:config:remove', '#', 'admin', '2020-10-22 14:27:04', '', null, '');
INSERT INTO `sys_menu` VALUES ('1035', '参数导出', '106', '5', '#', '', '1', '0', 'F', '0', '0', 'system:config:export', '#', 'admin', '2020-10-22 14:27:04', '', null, '');
INSERT INTO `sys_menu` VALUES ('1036', '公告查询', '107', '1', '#', '', '1', '0', 'F', '0', '0', 'system:notice:query', '#', 'admin', '2020-10-22 14:27:04', '', null, '');
INSERT INTO `sys_menu` VALUES ('1037', '公告新增', '107', '2', '#', '', '1', '0', 'F', '0', '0', 'system:notice:add', '#', 'admin', '2020-10-22 14:27:04', '', null, '');
INSERT INTO `sys_menu` VALUES ('1038', '公告修改', '107', '3', '#', '', '1', '0', 'F', '0', '0', 'system:notice:edit', '#', 'admin', '2020-10-22 14:27:04', '', null, '');
INSERT INTO `sys_menu` VALUES ('1039', '公告删除', '107', '4', '#', '', '1', '0', 'F', '0', '0', 'system:notice:remove', '#', 'admin', '2020-10-22 14:27:04', '', null, '');
INSERT INTO `sys_menu` VALUES ('1040', '操作查询', '500', '1', '#', '', '1', '0', 'F', '0', '0', 'monitor:operlog:query', '#', 'admin', '2020-10-22 14:27:04', '', null, '');
INSERT INTO `sys_menu` VALUES ('1041', '操作删除', '500', '2', '#', '', '1', '0', 'F', '0', '0', 'monitor:operlog:remove', '#', 'admin', '2020-10-22 14:27:04', '', null, '');
INSERT INTO `sys_menu` VALUES ('1042', '日志导出', '500', '4', '#', '', '1', '0', 'F', '0', '0', 'monitor:operlog:export', '#', 'admin', '2020-10-22 14:27:04', '', null, '');
INSERT INTO `sys_menu` VALUES ('1043', '登录查询', '501', '1', '#', '', '1', '0', 'F', '0', '0', 'monitor:logininfor:query', '#', 'admin', '2020-10-22 14:27:04', '', null, '');
INSERT INTO `sys_menu` VALUES ('1044', '登录删除', '501', '2', '#', '', '1', '0', 'F', '0', '0', 'monitor:logininfor:remove', '#', 'admin', '2020-10-22 14:27:04', '', null, '');
INSERT INTO `sys_menu` VALUES ('1045', '日志导出', '501', '3', '#', '', '1', '0', 'F', '0', '0', 'monitor:logininfor:export', '#', 'admin', '2020-10-22 14:27:04', '', null, '');
INSERT INTO `sys_menu` VALUES ('1046', '在线查询', '109', '1', '#', '', '1', '0', 'F', '0', '0', 'monitor:online:query', '#', 'admin', '2020-10-22 14:27:04', '', null, '');
INSERT INTO `sys_menu` VALUES ('1047', '批量强退', '109', '2', '#', '', '1', '0', 'F', '0', '0', 'monitor:online:batchLogout', '#', 'admin', '2020-10-22 14:27:04', '', null, '');
INSERT INTO `sys_menu` VALUES ('1048', '单条强退', '109', '3', '#', '', '1', '0', 'F', '0', '0', 'monitor:online:forceLogout', '#', 'admin', '2020-10-22 14:27:04', '', null, '');
INSERT INTO `sys_menu` VALUES ('1049', '任务查询', '110', '1', '#', '', '1', '0', 'F', '0', '0', 'monitor:job:query', '#', 'admin', '2020-10-22 14:27:04', '', null, '');
INSERT INTO `sys_menu` VALUES ('1050', '任务新增', '110', '2', '#', '', '1', '0', 'F', '0', '0', 'monitor:job:add', '#', 'admin', '2020-10-22 14:27:04', '', null, '');
INSERT INTO `sys_menu` VALUES ('1051', '任务修改', '110', '3', '#', '', '1', '0', 'F', '0', '0', 'monitor:job:edit', '#', 'admin', '2020-10-22 14:27:04', '', null, '');
INSERT INTO `sys_menu` VALUES ('1052', '任务删除', '110', '4', '#', '', '1', '0', 'F', '0', '0', 'monitor:job:remove', '#', 'admin', '2020-10-22 14:27:04', '', null, '');
INSERT INTO `sys_menu` VALUES ('1053', '状态修改', '110', '5', '#', '', '1', '0', 'F', '0', '0', 'monitor:job:changeStatus', '#', 'admin', '2020-10-22 14:27:04', '', null, '');
INSERT INTO `sys_menu` VALUES ('1054', '任务导出', '110', '7', '#', '', '1', '0', 'F', '0', '0', 'monitor:job:export', '#', 'admin', '2020-10-22 14:27:04', '', null, '');
INSERT INTO `sys_menu` VALUES ('1055', '生成查询', '114', '1', '#', '', '1', '0', 'F', '0', '0', 'tool:gen:query', '#', 'admin', '2020-10-22 14:27:04', '', null, '');
INSERT INTO `sys_menu` VALUES ('1056', '生成修改', '114', '2', '#', '', '1', '0', 'F', '0', '0', 'tool:gen:edit', '#', 'admin', '2020-10-22 14:27:04', '', null, '');
INSERT INTO `sys_menu` VALUES ('1057', '生成删除', '114', '3', '#', '', '1', '0', 'F', '0', '0', 'tool:gen:remove', '#', 'admin', '2020-10-22 14:27:04', '', null, '');
INSERT INTO `sys_menu` VALUES ('1058', '导入代码', '114', '2', '#', '', '1', '0', 'F', '0', '0', 'tool:gen:import', '#', 'admin', '2020-10-22 14:27:04', '', null, '');
INSERT INTO `sys_menu` VALUES ('1059', '预览代码', '114', '4', '#', '', '1', '0', 'F', '0', '0', 'tool:gen:preview', '#', 'admin', '2020-10-22 14:27:04', '', null, '');
INSERT INTO `sys_menu` VALUES ('1060', '生成代码', '114', '5', '#', '', '1', '0', 'F', '0', '0', 'tool:gen:code', '#', 'admin', '2020-10-22 14:27:04', '', null, '');
INSERT INTO `sys_menu` VALUES ('1901', '流程定义', '5', '1', 'definition', 'activiti/definition/index', '1', '0', 'C', '0', '0', 'activiti:modeler', '#', 'admin', '2020-09-14 23:09:31', '', null, '');
INSERT INTO `sys_menu` VALUES ('2000', '请假', '5', '1', 'leave', 'workflow/leave/index', '1', '0', 'C', '0', '0', 'workflow:leave:list', '#', 'admin', '2020-10-28 22:30:57', 'admin', '2022-01-18 15:33:08', '请假菜单');
INSERT INTO `sys_menu` VALUES ('2001', '请假查询', '2000', '1', '#', '', '1', '0', 'F', '0', '0', 'workflow:leave:query', '#', 'admin', '2020-10-28 22:30:57', '', null, '');
INSERT INTO `sys_menu` VALUES ('2002', '请假新增', '2000', '2', '#', '', '1', '0', 'F', '0', '0', 'workflow:leave:add', '#', 'admin', '2020-10-28 22:30:57', '', null, '');
INSERT INTO `sys_menu` VALUES ('2003', '请假修改', '2000', '3', '#', '', '1', '0', 'F', '0', '0', 'workflow:leave:edit', '#', 'admin', '2020-10-28 22:30:57', '', null, '');
INSERT INTO `sys_menu` VALUES ('2004', '请假删除', '2000', '4', '#', '', '1', '0', 'F', '0', '0', 'workflow:leave:remove', '#', 'admin', '2020-10-28 22:30:57', '', null, '');
INSERT INTO `sys_menu` VALUES ('2005', '请假导出', '2000', '5', '#', '', '1', '0', 'F', '0', '0', 'workflow:leave:export', '#', 'admin', '2020-10-28 22:30:57', '', null, '');
INSERT INTO `sys_menu` VALUES ('2006', '待办任务', '5', '6', 'task', null, '1', '0', 'M', '0', '0', '', 'excel', 'admin', '2020-11-04 10:53:24', 'admin', '2022-01-18 15:33:17', '');
INSERT INTO `sys_menu` VALUES ('2007', '代办任务', '2006', '1', 'task', 'activiti/task', '1', '0', 'C', '0', '0', '', '#', 'admin', '2020-11-04 10:54:28', 'admin', '2020-11-04 10:55:06', '');
INSERT INTO `sys_menu` VALUES ('2009', '已办历史', '5', '7', 'open', null, '1', '0', 'M', '0', '0', '', 'eye-open', 'admin', '2020-11-10 22:17:36', 'admin', '2022-01-18 15:33:22', '');
INSERT INTO `sys_menu` VALUES ('2010', '请假历史', '2009', '1', 'leaveAll', 'workflow/leave/leaveAll', '1', '0', 'C', '0', '0', 'workflow:leave:list', '#', 'admin', '2020-10-28 22:30:57', 'admin', '2020-11-10 22:45:16', '请假菜单');

-- ----------------------------
-- Table structure for sys_notice
-- ----------------------------
DROP TABLE IF EXISTS `sys_notice`;
CREATE TABLE `sys_notice` (
  `notice_id` int(4) NOT NULL AUTO_INCREMENT COMMENT '公告ID',
  `notice_title` varchar(50) NOT NULL COMMENT '公告标题',
  `notice_type` char(1) NOT NULL COMMENT '公告类型（1通知 2公告）',
  `notice_content` longblob COMMENT '公告内容',
  `status` char(1) DEFAULT '0' COMMENT '公告状态（0正常 1关闭）',
  `create_by` varchar(64) DEFAULT '' COMMENT '创建者',
  `create_time` datetime DEFAULT NULL COMMENT '创建时间',
  `update_by` varchar(64) DEFAULT '' COMMENT '更新者',
  `update_time` datetime DEFAULT NULL COMMENT '更新时间',
  `remark` varchar(255) DEFAULT NULL COMMENT '备注',
  PRIMARY KEY (`notice_id`) USING BTREE
) ENGINE=InnoDB AUTO_INCREMENT=11 DEFAULT CHARSET=utf8 ROW_FORMAT=DYNAMIC COMMENT='通知公告表';

-- ----------------------------
-- Records of sys_notice
-- ----------------------------
INSERT INTO `sys_notice` VALUES ('1', '温馨提醒：2018-07-01 若依新版本发布啦', '2', 0xE696B0E78988E69CACE58685E5AEB9, '0', 'admin', '2020-10-22 14:27:04', '', null, '管理员');
INSERT INTO `sys_notice` VALUES ('2', '维护通知：2018-07-01 若依系统凌晨维护', '1', 0xE7BBB4E68AA4E58685E5AEB9, '0', 'admin', '2020-10-22 14:27:04', '', null, '管理员');

-- ----------------------------
-- Table structure for sys_oper_log
-- ----------------------------
DROP TABLE IF EXISTS `sys_oper_log`;
CREATE TABLE `sys_oper_log` (
  `oper_id` bigint(20) NOT NULL AUTO_INCREMENT COMMENT '日志主键',
  `title` varchar(50) DEFAULT '' COMMENT '模块标题',
  `business_type` int(2) DEFAULT '0' COMMENT '业务类型（0其它 1新增 2修改 3删除）',
  `method` varchar(100) DEFAULT '' COMMENT '方法名称',
  `request_method` varchar(10) DEFAULT '' COMMENT '请求方式',
  `operator_type` int(1) DEFAULT '0' COMMENT '操作类别（0其它 1后台用户 2手机端用户）',
  `oper_name` varchar(50) DEFAULT '' COMMENT '操作人员',
  `dept_name` varchar(50) DEFAULT '' COMMENT '部门名称',
  `oper_url` varchar(255) DEFAULT '' COMMENT '请求URL',
  `oper_ip` varchar(50) DEFAULT '' COMMENT '主机地址',
  `oper_location` varchar(255) DEFAULT '' COMMENT '操作地点',
  `oper_param` varchar(2000) DEFAULT '' COMMENT '请求参数',
  `json_result` varchar(2000) DEFAULT '' COMMENT '返回参数',
  `status` int(1) DEFAULT '0' COMMENT '操作状态（0正常 1异常）',
  `error_msg` varchar(2000) DEFAULT '' COMMENT '错误消息',
  `oper_time` datetime DEFAULT NULL COMMENT '操作时间',
  PRIMARY KEY (`oper_id`) USING BTREE
) ENGINE=InnoDB AUTO_INCREMENT=241 DEFAULT CHARSET=utf8 ROW_FORMAT=DYNAMIC COMMENT='操作日志记录';

-- ----------------------------
-- Records of sys_oper_log
-- ----------------------------
INSERT INTO `sys_oper_log` VALUES ('224', '用户管理', '3', 'com.ruoyi.web.controller.system.SysUserController.remove()', 'DELETE', '1', 'admin', null, '/system/user/100', '127.0.0.1', '内网IP', '{userIds=100}', '{\"msg\":\"操作成功\",\"code\":200}', '0', null, '2022-01-18 15:10:06');
INSERT INTO `sys_oper_log` VALUES ('225', '用户管理', '3', 'com.ruoyi.web.controller.system.SysUserController.remove()', 'DELETE', '1', 'admin', null, '/system/user/101', '127.0.0.1', '内网IP', '{userIds=101}', '{\"msg\":\"操作成功\",\"code\":200}', '0', null, '2022-01-18 15:10:10');
INSERT INTO `sys_oper_log` VALUES ('226', '用户管理', '3', 'com.ruoyi.web.controller.system.SysUserController.remove()', 'DELETE', '1', 'admin', null, '/system/user/102', '127.0.0.1', '内网IP', '{userIds=102}', '{\"msg\":\"操作成功\",\"code\":200}', '0', null, '2022-01-18 15:10:12');
INSERT INTO `sys_oper_log` VALUES ('227', '用户管理', '3', 'com.ruoyi.web.controller.system.SysUserController.remove()', 'DELETE', '1', 'admin', null, '/system/user/103', '127.0.0.1', '内网IP', '{userIds=103}', '{\"msg\":\"操作成功\",\"code\":200}', '0', null, '2022-01-18 15:10:15');
INSERT INTO `sys_oper_log` VALUES ('228', '用户管理', '3', 'com.ruoyi.web.controller.system.SysUserController.remove()', 'DELETE', '1', 'admin', null, '/system/user/104', '127.0.0.1', '内网IP', '{userIds=104}', '{\"msg\":\"操作成功\",\"code\":200}', '0', null, '2022-01-18 15:10:18');
INSERT INTO `sys_oper_log` VALUES ('229', '菜单管理', '3', 'com.ruoyi.web.controller.system.SysMenuController.remove()', 'DELETE', '1', 'admin', null, '/system/menu/4', '127.0.0.1', '内网IP', '{menuId=4}', '{\"msg\":\"操作成功\",\"code\":200}', '0', null, '2022-01-18 15:25:06');
INSERT INTO `sys_oper_log` VALUES ('230', '菜单管理', '2', 'com.ruoyi.web.controller.system.SysMenuController.edit()', 'PUT', '1', 'admin', null, '/system/menu', '127.0.0.1', '内网IP', '{\"visible\":\"0\",\"icon\":\"cascader\",\"orderNum\":\"4\",\"menuName\":\"流程管理\",\"params\":{},\"parentId\":0,\"isCache\":\"0\",\"path\":\"activiti\",\"children\":[],\"createTime\":1600005534000,\"updateBy\":\"admin\",\"isFrame\":\"1\",\"menuId\":5,\"menuType\":\"M\",\"perms\":\"activiti:modeler:list\",\"status\":\"0\"}', '{\"msg\":\"操作成功\",\"code\":200}', '0', null, '2022-01-18 15:26:04');
INSERT INTO `sys_oper_log` VALUES ('231', '菜单管理', '2', 'com.ruoyi.web.controller.system.SysMenuController.edit()', 'PUT', '1', 'admin', null, '/system/menu', '127.0.0.1', '内网IP', '{\"visible\":\"0\",\"icon\":\"guide\",\"orderNum\":\"5\",\"menuName\":\"流程示例（暂留）\",\"params\":{},\"parentId\":0,\"isCache\":\"0\",\"path\":\"OA\",\"children\":[],\"createTime\":1605017614000,\"updateBy\":\"admin\",\"isFrame\":\"1\",\"menuId\":2008,\"menuType\":\"M\",\"perms\":\"\",\"status\":\"0\"}', '{\"msg\":\"操作成功\",\"code\":200}', '0', null, '2022-01-18 15:26:21');
INSERT INTO `sys_oper_log` VALUES ('232', '菜单管理', '2', 'com.ruoyi.web.controller.system.SysMenuController.edit()', 'PUT', '1', 'admin', null, '/system/menu', '127.0.0.1', '内网IP', '{\"visible\":\"0\",\"icon\":\"eye-open\",\"orderNum\":\"7\",\"menuName\":\"已办历史\",\"params\":{},\"parentId\":0,\"isCache\":\"0\",\"path\":\"open\",\"children\":[],\"createTime\":1605017856000,\"updateBy\":\"admin\",\"isFrame\":\"1\",\"menuId\":2009,\"menuType\":\"M\",\"perms\":\"\",\"status\":\"0\"}', '{\"msg\":\"操作成功\",\"code\":200}', '0', null, '2022-01-18 15:26:38');
INSERT INTO `sys_oper_log` VALUES ('233', '菜单管理', '2', 'com.ruoyi.web.controller.system.SysMenuController.edit()', 'PUT', '1', 'admin', null, '/system/menu', '127.0.0.1', '内网IP', '{\"visible\":\"0\",\"icon\":\"#\",\"orderNum\":\"1\",\"menuName\":\"请假\",\"params\":{},\"parentId\":5,\"isCache\":\"0\",\"path\":\"leave\",\"component\":\"workflow/leave/index\",\"children\":[],\"createTime\":1603895457000,\"updateBy\":\"admin\",\"isFrame\":\"1\",\"menuId\":2000,\"menuType\":\"C\",\"perms\":\"workflow:leave:list\",\"status\":\"0\"}', '{\"msg\":\"操作成功\",\"code\":200}', '0', null, '2022-01-18 15:33:08');
INSERT INTO `sys_oper_log` VALUES ('234', '菜单管理', '2', 'com.ruoyi.web.controller.system.SysMenuController.edit()', 'PUT', '1', 'admin', null, '/system/menu', '127.0.0.1', '内网IP', '{\"visible\":\"0\",\"icon\":\"excel\",\"orderNum\":\"6\",\"menuName\":\"待办任务\",\"params\":{},\"parentId\":5,\"isCache\":\"0\",\"path\":\"task\",\"children\":[],\"createTime\":1604458404000,\"updateBy\":\"admin\",\"isFrame\":\"1\",\"menuId\":2006,\"menuType\":\"M\",\"perms\":\"\",\"status\":\"0\"}', '{\"msg\":\"操作成功\",\"code\":200}', '0', null, '2022-01-18 15:33:17');
INSERT INTO `sys_oper_log` VALUES ('235', '菜单管理', '2', 'com.ruoyi.web.controller.system.SysMenuController.edit()', 'PUT', '1', 'admin', null, '/system/menu', '127.0.0.1', '内网IP', '{\"visible\":\"0\",\"icon\":\"eye-open\",\"orderNum\":\"7\",\"menuName\":\"已办历史\",\"params\":{},\"parentId\":5,\"isCache\":\"0\",\"path\":\"open\",\"children\":[],\"createTime\":1605017856000,\"updateBy\":\"admin\",\"isFrame\":\"1\",\"menuId\":2009,\"menuType\":\"M\",\"perms\":\"\",\"status\":\"0\"}', '{\"msg\":\"操作成功\",\"code\":200}', '0', null, '2022-01-18 15:33:22');
INSERT INTO `sys_oper_log` VALUES ('236', '菜单管理', '3', 'com.ruoyi.web.controller.system.SysMenuController.remove()', 'DELETE', '1', 'admin', null, '/system/menu/2008', '127.0.0.1', '内网IP', '{menuId=2008}', '{\"msg\":\"菜单已分配,不允许删除\",\"code\":500}', '0', null, '2022-01-18 15:33:27');
INSERT INTO `sys_oper_log` VALUES ('237', '角色管理', '3', 'com.ruoyi.web.controller.system.SysRoleController.remove()', 'DELETE', '1', 'admin', null, '/system/role/100', '127.0.0.1', '内网IP', '{roleIds=100}', 'null', '1', '部门历史OA已分配,不能删除', '2022-01-18 15:33:35');
INSERT INTO `sys_oper_log` VALUES ('238', '角色管理', '2', 'com.ruoyi.web.controller.system.SysRoleController.edit()', 'PUT', '1', 'admin', null, '/system/role', '127.0.0.1', '内网IP', '{\"flag\":false,\"roleId\":100,\"admin\":false,\"dataScope\":\"4\",\"delFlag\":\"0\",\"params\":{},\"roleSort\":\"3\",\"deptCheckStrictly\":true,\"createTime\":1605018367000,\"updateBy\":\"admin\",\"menuCheckStrictly\":true,\"roleKey\":\"dept\",\"roleName\":\"部门历史OA\",\"menuIds\":[],\"status\":\"0\"}', '{\"msg\":\"操作成功\",\"code\":200}', '0', null, '2022-01-18 15:33:44');
INSERT INTO `sys_oper_log` VALUES ('239', '角色管理', '2', 'com.ruoyi.web.controller.system.SysRoleController.edit()', 'PUT', '1', 'admin', null, '/system/role', '127.0.0.1', '内网IP', '{\"flag\":false,\"roleId\":2,\"admin\":false,\"remark\":\"普通角色\",\"dataScope\":\"5\",\"delFlag\":\"0\",\"params\":{},\"roleSort\":\"2\",\"deptCheckStrictly\":true,\"createTime\":1603348024000,\"updateBy\":\"admin\",\"menuCheckStrictly\":true,\"roleKey\":\"common\",\"roleName\":\"普通角色\",\"menuIds\":[5,1901,2000,2001,2002,2003,2004,2005,2006,2007,2009,2010],\"status\":\"0\"}', '{\"msg\":\"操作成功\",\"code\":200}', '0', null, '2022-01-18 15:33:50');
INSERT INTO `sys_oper_log` VALUES ('240', '菜单管理', '3', 'com.ruoyi.web.controller.system.SysMenuController.remove()', 'DELETE', '1', 'admin', null, '/system/menu/2008', '127.0.0.1', '内网IP', '{menuId=2008}', '{\"msg\":\"操作成功\",\"code\":200}', '0', null, '2022-01-18 15:33:59');

-- ----------------------------
-- Table structure for sys_post
-- ----------------------------
DROP TABLE IF EXISTS `sys_post`;
CREATE TABLE `sys_post` (
  `post_id` bigint(20) NOT NULL AUTO_INCREMENT COMMENT '岗位ID',
  `post_code` varchar(64) NOT NULL COMMENT '岗位编码',
  `post_name` varchar(50) NOT NULL COMMENT '岗位名称',
  `post_sort` int(4) NOT NULL COMMENT '显示顺序',
  `status` char(1) NOT NULL COMMENT '状态（0正常 1停用）',
  `create_by` varchar(64) DEFAULT '' COMMENT '创建者',
  `create_time` datetime DEFAULT NULL COMMENT '创建时间',
  `update_by` varchar(64) DEFAULT '' COMMENT '更新者',
  `update_time` datetime DEFAULT NULL COMMENT '更新时间',
  `remark` varchar(500) DEFAULT NULL COMMENT '备注',
  PRIMARY KEY (`post_id`) USING BTREE
) ENGINE=InnoDB AUTO_INCREMENT=5 DEFAULT CHARSET=utf8 ROW_FORMAT=DYNAMIC COMMENT='岗位信息表';

-- ----------------------------
-- Records of sys_post
-- ----------------------------
INSERT INTO `sys_post` VALUES ('1', 'ceo', '董事长', '1', '0', 'admin', '2020-10-22 14:27:04', '', null, '');
INSERT INTO `sys_post` VALUES ('2', 'se', '部门经理', '2', '0', 'admin', '2020-10-22 14:27:04', 'admin', '2020-11-04 14:39:36', '');
INSERT INTO `sys_post` VALUES ('3', 'hr', '人力资源', '3', '0', 'admin', '2020-10-22 14:27:04', '', null, '');
INSERT INTO `sys_post` VALUES ('4', 'user', '普通员工', '4', '0', 'admin', '2020-10-22 14:27:04', '', null, '');

-- ----------------------------
-- Table structure for sys_role
-- ----------------------------
DROP TABLE IF EXISTS `sys_role`;
CREATE TABLE `sys_role` (
  `role_id` bigint(20) NOT NULL AUTO_INCREMENT COMMENT '角色ID',
  `role_name` varchar(30) NOT NULL COMMENT '角色名称',
  `role_key` varchar(100) NOT NULL COMMENT '角色权限字符串',
  `role_sort` int(4) NOT NULL COMMENT '显示顺序',
  `data_scope` char(1) DEFAULT '1' COMMENT '数据范围（1：全部数据权限 2：自定数据权限 3：本部门数据权限 4：本部门及以下数据权限）',
  `menu_check_strictly` tinyint(1) DEFAULT '1' COMMENT '菜单树选择项是否关联显示',
  `dept_check_strictly` tinyint(1) DEFAULT '1' COMMENT '部门树选择项是否关联显示',
  `status` char(1) NOT NULL COMMENT '角色状态（0正常 1停用）',
  `del_flag` char(1) DEFAULT '0' COMMENT '删除标志（0代表存在 2代表删除）',
  `create_by` varchar(64) DEFAULT '' COMMENT '创建者',
  `create_time` datetime DEFAULT NULL COMMENT '创建时间',
  `update_by` varchar(64) DEFAULT '' COMMENT '更新者',
  `update_time` datetime DEFAULT NULL COMMENT '更新时间',
  `remark` varchar(500) DEFAULT NULL COMMENT '备注',
  PRIMARY KEY (`role_id`) USING BTREE
) ENGINE=InnoDB AUTO_INCREMENT=101 DEFAULT CHARSET=utf8 ROW_FORMAT=DYNAMIC COMMENT='角色信息表';

-- ----------------------------
-- Records of sys_role
-- ----------------------------
INSERT INTO `sys_role` VALUES ('1', '超级管理员', 'admin', '1', '1', '1', '1', '0', '0', 'admin', '2020-10-22 14:27:04', '', null, '超级管理员');
INSERT INTO `sys_role` VALUES ('2', '普通角色', 'common', '2', '5', '1', '1', '0', '0', 'admin', '2020-10-22 14:27:04', 'admin', '2022-01-18 15:33:50', '普通角色');
INSERT INTO `sys_role` VALUES ('100', '部门历史OA', 'dept', '3', '4', '1', '1', '0', '0', 'admin', '2020-11-10 22:26:07', 'admin', '2022-01-18 15:33:44', null);

-- ----------------------------
-- Table structure for sys_role_dept
-- ----------------------------
DROP TABLE IF EXISTS `sys_role_dept`;
CREATE TABLE `sys_role_dept` (
  `role_id` bigint(20) NOT NULL COMMENT '角色ID',
  `dept_id` bigint(20) NOT NULL COMMENT '部门ID',
  PRIMARY KEY (`role_id`,`dept_id`) USING BTREE
) ENGINE=InnoDB DEFAULT CHARSET=utf8 ROW_FORMAT=DYNAMIC COMMENT='角色和部门关联表';

-- ----------------------------
-- Records of sys_role_dept
-- ----------------------------
INSERT INTO `sys_role_dept` VALUES ('2', '100');
INSERT INTO `sys_role_dept` VALUES ('2', '105');

-- ----------------------------
-- Table structure for sys_role_menu
-- ----------------------------
DROP TABLE IF EXISTS `sys_role_menu`;
CREATE TABLE `sys_role_menu` (
  `role_id` bigint(20) NOT NULL COMMENT '角色ID',
  `menu_id` bigint(20) NOT NULL COMMENT '菜单ID',
  PRIMARY KEY (`role_id`,`menu_id`) USING BTREE
) ENGINE=InnoDB DEFAULT CHARSET=utf8 ROW_FORMAT=DYNAMIC COMMENT='角色和菜单关联表';

-- ----------------------------
-- Records of sys_role_menu
-- ----------------------------
INSERT INTO `sys_role_menu` VALUES ('2', '5');
INSERT INTO `sys_role_menu` VALUES ('2', '1901');
INSERT INTO `sys_role_menu` VALUES ('2', '2000');
INSERT INTO `sys_role_menu` VALUES ('2', '2001');
INSERT INTO `sys_role_menu` VALUES ('2', '2002');
INSERT INTO `sys_role_menu` VALUES ('2', '2003');
INSERT INTO `sys_role_menu` VALUES ('2', '2004');
INSERT INTO `sys_role_menu` VALUES ('2', '2005');
INSERT INTO `sys_role_menu` VALUES ('2', '2006');
INSERT INTO `sys_role_menu` VALUES ('2', '2007');
INSERT INTO `sys_role_menu` VALUES ('2', '2009');
INSERT INTO `sys_role_menu` VALUES ('2', '2010');

-- ----------------------------
-- Table structure for sys_user
-- ----------------------------
DROP TABLE IF EXISTS `sys_user`;
CREATE TABLE `sys_user` (
  `user_id` bigint(20) NOT NULL AUTO_INCREMENT COMMENT '用户ID',
  `dept_id` bigint(20) DEFAULT NULL COMMENT '部门ID',
  `user_name` varchar(30) NOT NULL COMMENT '用户账号',
  `nick_name` varchar(30) NOT NULL COMMENT '用户昵称',
  `user_type` varchar(2) DEFAULT '00' COMMENT '用户类型（00系统用户）',
  `email` varchar(50) DEFAULT '' COMMENT '用户邮箱',
  `phonenumber` varchar(11) DEFAULT '' COMMENT '手机号码',
  `sex` char(1) DEFAULT '0' COMMENT '用户性别（0男 1女 2未知）',
  `avatar` varchar(256) DEFAULT '' COMMENT '头像地址',
  `password` varchar(100) DEFAULT '' COMMENT '密码',
  `status` char(1) DEFAULT '0' COMMENT '帐号状态（0正常 1停用）',
  `del_flag` char(1) DEFAULT '0' COMMENT '删除标志（0代表存在 2代表删除）',
  `login_ip` varchar(50) DEFAULT '' COMMENT '最后登录IP',
  `login_date` datetime DEFAULT NULL COMMENT '最后登录时间',
  `create_by` varchar(64) DEFAULT '' COMMENT '创建者',
  `create_time` datetime DEFAULT NULL COMMENT '创建时间',
  `update_by` varchar(64) DEFAULT '' COMMENT '更新者',
  `update_time` datetime DEFAULT NULL COMMENT '更新时间',
  `remark` varchar(500) DEFAULT NULL COMMENT '备注',
  PRIMARY KEY (`user_id`) USING BTREE
) ENGINE=InnoDB AUTO_INCREMENT=105 DEFAULT CHARSET=utf8 ROW_FORMAT=DYNAMIC COMMENT='用户信息表';

-- ----------------------------
-- Records of sys_user
-- ----------------------------
INSERT INTO `sys_user` VALUES ('1', '103', 'admin', '鼎新', '00', 'ry@163.com', '15888888888', '1', '/profile/avatar/2020/10/25/f2304bcb-a3ee-4471-bc33-4431ab80af5a.jpeg', '$2a$10$7JB720yubVSZvUI0rEqK/.VqGOZTH.ulu33dHOiBE8ByOhJIrdAu2', '0', '0', '127.0.0.1', '2020-10-22 14:27:04', 'admin', '2020-10-22 14:27:04', '', null, '管理员');
INSERT INTO `sys_user` VALUES ('2', '105', 'ry', '鼎新', '00', 'ry@qq.com', '15666666666', '1', '', '$2a$10$7JB720yubVSZvUI0rEqK/.VqGOZTH.ulu33dHOiBE8ByOhJIrdAu2', '0', '0', '127.0.0.1', '2020-10-22 14:27:04', 'admin', '2020-10-22 14:27:04', 'admin', '2020-11-02 15:52:50', '测试员');

-- ----------------------------
-- Table structure for sys_user_post
-- ----------------------------
DROP TABLE IF EXISTS `sys_user_post`;
CREATE TABLE `sys_user_post` (
  `user_id` bigint(20) NOT NULL COMMENT '用户ID',
  `post_id` bigint(20) NOT NULL COMMENT '岗位ID',
  PRIMARY KEY (`user_id`,`post_id`) USING BTREE
) ENGINE=InnoDB DEFAULT CHARSET=utf8 ROW_FORMAT=DYNAMIC COMMENT='用户与岗位关联表';

-- ----------------------------
-- Records of sys_user_post
-- ----------------------------
INSERT INTO `sys_user_post` VALUES ('1', '1');
INSERT INTO `sys_user_post` VALUES ('2', '3');
INSERT INTO `sys_user_post` VALUES ('100', '4');
INSERT INTO `sys_user_post` VALUES ('101', '2');
INSERT INTO `sys_user_post` VALUES ('102', '3');
INSERT INTO `sys_user_post` VALUES ('103', '2');

-- ----------------------------
-- Table structure for sys_user_role
-- ----------------------------
DROP TABLE IF EXISTS `sys_user_role`;
CREATE TABLE `sys_user_role` (
  `user_id` bigint(20) NOT NULL COMMENT '用户ID',
  `role_id` bigint(20) NOT NULL COMMENT '角色ID',
  PRIMARY KEY (`user_id`,`role_id`) USING BTREE
) ENGINE=InnoDB DEFAULT CHARSET=utf8 ROW_FORMAT=DYNAMIC COMMENT='用户和角色关联表';

-- ----------------------------
-- Records of sys_user_role
-- ----------------------------
INSERT INTO `sys_user_role` VALUES ('1', '1');
INSERT INTO `sys_user_role` VALUES ('2', '2');
INSERT INTO `sys_user_role` VALUES ('100', '2');
INSERT INTO `sys_user_role` VALUES ('101', '100');
INSERT INTO `sys_user_role` VALUES ('102', '100');
INSERT INTO `sys_user_role` VALUES ('103', '100');

-- ----------------------------
-- Table structure for workflow_leave
-- ----------------------------
DROP TABLE IF EXISTS `workflow_leave`;
CREATE TABLE `workflow_leave` (
  `id` varchar(36) NOT NULL COMMENT '主键ID',
  `type` char(36) DEFAULT NULL COMMENT '请假类型',
  `title` varchar(100) DEFAULT NULL COMMENT '标题',
  `reason` varchar(500) DEFAULT NULL COMMENT '原因',
  `leave_start_time` date DEFAULT NULL COMMENT '开始时间',
  `leave_end_time` date DEFAULT NULL COMMENT '结束时间',
  `attachment_link` varchar(2048) DEFAULT NULL COMMENT '附件',
  `instance_id` varchar(36) DEFAULT NULL COMMENT '流程实例ID',
  `state` char(1) DEFAULT NULL COMMENT '状态',
  `create_name` varchar(36) DEFAULT NULL COMMENT '创建者名称',
  `create_by` varchar(64) DEFAULT '' COMMENT '创建者',
  `create_time` datetime DEFAULT NULL COMMENT '创建时间',
  `update_time` datetime DEFAULT NULL COMMENT '更新时间',
  PRIMARY KEY (`id`) USING BTREE
) ENGINE=InnoDB DEFAULT CHARSET=utf8 ROW_FORMAT=DYNAMIC COMMENT='请假';

-- ----------------------------
-- Records of workflow_leave
-- ----------------------------
